大字町丁目名,緯度,経度
あけち,35.432437,137.094497
あじさいヶ丘,35.459904,137.0062183
あずら,35.28264933,136.8234423
いろは町,35.481293,136.918074
えびす町,35.495787,137.505988
かやの木町,35.486456,137.500888
さくらヶ丘,35.51975267,136.8974003
せんい,35.2884715,136.8241423
つつじが丘,35.4095305,136.9322086
のぞみケ丘,35.515089,136.925538
みずきケ丘,35.39653125,137.0548622
みやまち,35.3924595,136.7735225
もみじが丘,35.53051633,136.8803307
コモンヒルズ北山,35.461176,136.859121
テクノプラザ,35.425417,136.8898118
一ツ山町,35.479331,136.916334
一之宮町,36.052398,137.201261
一宮,35.324129,136.80554
一日市場,35.4216444,136.7143784
一日市場北町,35.425375,136.718915
一本木町,35.48154,136.913338
一本松,35.4348905,136.69373
一松道,35.409142,136.768437
一番町,35.418021,136.761924
一色,35.262182,136.55315
一色町,35.35177557,137.1834683
七五三,35.451425,136.654911
七崎,35.423939,136.636971
七日町,36.14881133,137.2560097
七軒町,35.426134,136.762546
万代町,35.445792,136.770522
万力町,35.427828,136.766455
万年町,35.424879,136.748337
万石,35.36202867,136.6514257
三の倉町中洞,35.308669,137.084298
三の倉町大美山,35.310453,137.097957
三の倉町猪場,35.311812,137.089326
三の倉町縄手,35.309441,137.081493
三の倉町西洞,35.311055,137.077001
三ツ井,35.27500175,136.8356108
三ツ又町,35.40945,136.742528
三ツ渕,35.724174,137.185862
三丹町,35.32063,136.801823
三井北町,35.39522833,136.838069
三井山町,35.387365,136.845688
三井東町,35.39245025,136.845153
三井町,35.39090933,136.8380493
三倉,35.51911,136.51248
三原,35.780814,137.243649
三和町川浦,35.528043,137.051121
三和町廿屋,35.534098,137.026606
三塚町,35.367384,136.630468
三宅,35.39116544,136.7951081
三川,35.567754,137.220877
三本木,35.3579965,136.6526868
三条,35.306926,136.761179
三橋,35.44978483,136.6764335
三橋町,35.422053,136.746588
三橋鶴舞,35.448354,136.674655
三歳町,35.410107,136.7405293
三津屋町,35.3913326,136.615577
三田洞,35.471909,136.78777
三田洞東,35.4752756,136.7969612
三番町,35.418131,136.760816
三神町,35.314809,136.550057
三福寺町,36.15624,137.268633
三笠町,35.37561889,136.9327986
三輪,35.4956825,136.716237
三輪ぷりんとぴあ,35.499675,136.826985
三輪宮前,35.501786,136.84288
三輪宮西,35.502995,136.840716
三郷町佐々良木,35.402753,137.35691
三郷町椋実,35.3812,137.352993
三郷町野井,35.41487,137.385604
上ミ野,35.477162,136.581281
上一之町,36.141835,137.261385
上三之町,36.14169,137.259514
上中屋町,35.3782645,136.8515032
上中町一色,35.299808,136.712707
上中町中,35.30045,136.701487
上中町千束,35.30191,136.688662
上中町午北,35.292165,136.687985
上中町沖,35.295158,136.696928
上中町長間,35.304908,136.700822
上之保,35.644102,137.063817
上之郷,35.369569,136.8807805
上二之町,36.14174,137.260313
上佐見,35.676946,137.287078
上保,35.466936,136.68206
上切町,36.170718,137.227648
上利町,35.481117,136.920654
上加納山,35.422347,136.770281
上南方,35.502325,136.584098
上印食,35.39402556,136.787482
上吉田,35.531957,137.151455
上土居,35.4575852,136.7635324
上城田寺中,35.471363,136.744595
上城田寺南,35.46684,136.742313
上城田寺東,35.46939,136.749124
上城田寺西,35.471669,136.740995
上大久和町,35.433519,136.768888
上大野,35.512842,136.98286
上太田町,35.424544,136.762969
上宝町下佐谷,36.303608,137.477941
上宝町中山,36.300839,137.388182
上宝町双六,36.312256,137.390427
上宝町吉野,36.288642,137.343664
上宝町在家,36.269763,137.36885
上宝町宮原,36.281683,137.375798
上宝町岩井戸,36.281904,137.390705
上宝町新田,36.272786,137.382952
上宝町本郷,36.276699,137.35801
上宝町苧生茂,36.241638,137.444278
上宝町荒原,36.267369,137.273955
上宝町葛山,36.260936,137.438033
上宝町蔵柱,36.267293,137.321754
上宝町見座,36.29242,137.38491
上宝町金木戸,36.345715,137.498564
上宝町長倉,36.272266,137.416818
上宝町鼠餅,36.244603,137.395932
上尻毛八幡,35.443482,136.706277
上尻毛日吉,35.443792,136.7106
上屋,35.31193,136.5984455
上山町,35.340579,137.135738
上岡島,35.481168,136.56686
上岡本町,36.13829911,137.2361766
上川原町,36.135509,137.257198
上川手,35.403405,136.775329
上川辺,35.52872,137.077412
上平町,35.3593736,137.2562362
上恵土,35.438972,137.07683
上戸町,35.383104,136.8485201
上新町,35.402522,136.7649665
上方,35.312519,136.53566
上本町,35.367356,136.762015
上材木町,35.437042,136.77321
上東野,35.481705,136.561556
上柳川町,35.366813,136.759331
上河和,35.601128,136.957925
上牧野,35.454625,137.080697
上田,35.453722,136.58307
上町,35.33654575,137.1357393
上白金,35.481719,136.858206
上真桑,35.441836,136.671705
上矢作町,35.338911,137.534019
上矢作町下,35.270958,137.478992
上矢作町小田子,35.272271,137.507365
上矢作町漆原,35.297059,137.470696
上石津町一之瀬,35.305252,136.493683
上石津町三ツ里,35.276962,136.445792
上石津町上,35.246264,136.441328
上石津町上原,35.278336,136.499258
上石津町上多良,35.268443,136.463689
上石津町上鍛治屋,35.303741,136.462999
上石津町下多良,35.29696,136.479091
上石津町下山,35.248245,136.493961
上石津町乙坂,35.336946,136.52467
上石津町前ケ瀬,35.266306,136.484913
上石津町堂之上,35.252595,136.448292
上石津町奥,35.297366,136.443949
上石津町宮,35.284141,136.461787
上石津町打上,35.239415,136.468986
上石津町時山,35.259291,136.411368
上石津町牧田,35.332916,136.487191
上石津町祢宜上,35.285656,136.448114
上石津町細野,35.230709,136.440831
上石津町西山,35.263754,136.443374
上石津町谷畑,35.303769,136.455874
上祖父江,35.276897,136.71822
上竹屋町,35.431243,136.766212
上竹町,35.427085,136.763804
上笠,35.323306,136.590931
上芥見,35.460686,136.841803
上茶屋町,35.434971,136.770836
上西郷,35.4775416,136.6922251
上野,35.56234633,136.9561727
上野町,35.44011089,137.1829476
上面,35.36002525,136.6455172
上願,35.545958,136.730274
上飯田,35.481848,137.091486
上高屋,35.474205,136.657494
上麻生,35.567428,137.128411
下一之町,36.144894,137.260031
下三之町,36.14463,137.258257
下中屋町,35.37950875,136.834421
下中町加賀野井,35.292614,136.718184
下中町城屋敷,35.288236,136.706963
下中町市之枝,35.28767871,136.6915149
下中町石田,35.278876,136.698375
下之保,35.5593,136.982536
下之切町,36.149905,137.204482
下二之町,36.144788,137.259128
下佐見,35.657054,137.237075
下切,35.401694,137.057969
下切町,35.456917,136.8990599
下切谷迫間入会,35.399502,137.046815
下印食,35.3908628,136.769793
下吉田,35.512628,137.106413
下土居,35.453756,136.7537828
下大桑町,35.434329,136.764683
下大榑,35.273789,136.650513
下大榑新田,35.27422,136.638448
下太田町,35.423365,136.762438
下奈良,35.388673,136.7099628
下尻毛,35.435329,136.715306
下岡島,35.479365,136.571647
下岡本町,36.151665,137.2409
下川手,35.395525,136.76985
下川田町,35.2885576,136.808707
下川辺,35.474883,137.056307
下恵土,35.422995,137.0539707
下新町,35.401568,136.761728
下有知,35.510746,136.920413
下本町,35.365545,136.76161
下東野,35.442852,136.582876
下林町,36.152546,137.220681
下柳川町,35.365915,136.758484
下沖町,35.364179,137.240128
下沢町,35.3255545,137.150423
下河和,35.588358,136.947254
下沼町,35.31278025,136.814795
下田,35.2948655,136.814444
下白金,35.473426,136.852028
下真桑,35.438098,136.659721
下石町,35.321951,137.186303
下石阿庄町,35.320331,137.187207
下石陶史台,35.326708,137.2085318
下福島,35.424349,136.64899
下竹町,35.425886,136.76345
下笠,35.279825,136.583791
下米田町今,35.458207,137.064021
下米田町信友,35.4658,137.07907
下米田町則光,35.463687,137.068284
下米田町小山,35.452459,137.056008
下米田町山本,35.473176,137.078551
下米田町東栃井,35.475752,137.066655
下米田町為岡,35.473022,137.071341
下米田町西脇,35.466424,137.059153
下茶屋町,35.433817,136.770747
下西郷,35.4562894,136.7069876
下野,35.586539,137.467015
下飯田,35.476147,137.083241
下鵜飼,35.46097067,136.7152133
下麻生,35.534579,137.095769
不動町,35.428743,136.75744
世保,35.48515,136.838447
世保北,35.48417,136.834552
世保南,35.481776,136.83764
世保東,35.485018,136.836719
世保西,35.482488,136.833699
世安町,35.34955275,136.6147843
両郷町,35.3130136,136.819216
中,35.41356033,136.7406637
中ノ江,35.365326,136.6438347
中一色町,35.491373,137.510108
中之保,35.578285,137.045413
中切,35.416892,137.157624
中切町,36.175546,137.220419
中大桑町,35.434791,136.766652
中央,35.5373429,136.9035891
中宮,35.388273,136.650612
中富町,35.444044,137.0271467
中屋東,35.488683,136.840608
中屋西,35.489975,136.836413
中山町,36.153485,137.23495
中島通,35.320923,136.8102842
中川,35.612142,137.248212
中川原,35.4442306,136.8014742
中川町,35.40091067,136.7885972
中川辺,35.492355,137.06337
中恵土,35.431842,137.065006
中新町,35.4018835,136.763888
中曽根町,35.35675,136.579918
中洞,35.560297,136.808753
中津川,35.455883,137.544713
中洲町,35.401306,136.764498
中町,35.32169275,136.8381738
中福野町,35.487811,136.90432
中竹屋町,35.430156,136.765538
中西郷,35.46866638,136.6962813
中道北,35.417616,136.774592
中部台,35.46201256,137.0198269
中郷,35.298877,136.643324
中郷新田,35.289589,136.636319
中野,35.431749,136.936091
中野方町,35.520461,137.313362
中野町,35.3812942,136.6086638
中須,35.333244,136.65426
中鶉,35.38191786,136.732743
中麻生,35.53413,137.110758
串原,35.261422,137.422895
丸の内,35.3616415,136.6135555
丹生川町三之瀬,36.206936,137.302844
丹生川町下保,36.186595,137.288271
丹生川町久手,36.175573,137.502201
丹生川町北方,36.175104,137.319752
丹生川町坊方,36.168462,137.326686
丹生川町塩屋,36.171649,137.440507
丹生川町大沼,36.20347,137.327077
丹生川町大萱,36.190602,137.338881
丹生川町大谷,36.164196,137.369354
丹生川町小野,36.166115,137.396784
丹生川町山口,36.158882,137.344272
丹生川町岩井谷,36.136323,137.517736
丹生川町折敷地,36.224862,137.370367
丹生川町新張,36.171844,137.279602
丹生川町旗鉾,36.194246,137.468402
丹生川町日影,36.16892,137.413702
丹生川町日面,36.187158,137.428221
丹生川町曽手,36.181819,137.446916
丹生川町板殿,36.186455,137.407506
丹生川町柏原,36.20891,137.288929
丹生川町根方,36.186039,137.391821
丹生川町桐山,36.185946,137.311106
丹生川町森部,36.229587,137.315233
丹生川町池之俣,36.156067,137.503005
丹生川町法力,36.182745,137.355349
丹生川町瓜田,36.184909,137.374313
丹生川町町方,36.164199,137.30555
丹生川町白井,36.176598,137.393471
丹生川町細越,36.178115,137.295421
丹生川町芦谷,36.179508,137.403263
丹生川町駄吉,36.159213,137.43021
丹羽,35.321106,136.821144
丹陽町三ツ井,35.277716,136.842318
丹陽町九日市場,35.266418,136.834068
丹陽町五日市場,35.254886,136.83908
丹陽町外崎,35.27923,136.827716
丹陽町多加木,35.282269,136.809461
丹陽町森本,35.291151,136.808853
丹陽町重吉,35.284057,136.841898
久々利,35.403872,137.110827
久々利柿下入会,35.393631,137.131297
久々野町久々野,36.059069,137.269655
久々野町久須母,36.057276,137.294946
久々野町大西,36.092978,137.288704
久々野町小坊,36.026398,137.307092
久々野町小屋名,36.096656,137.30797
久々野町山梨,36.080358,137.273362
久々野町引下,36.03097,137.281343
久々野町有道,36.040686,137.337406
久々野町木賊洞,36.019582,137.282391
久々野町柳島,36.070056,137.303722
久々野町渚,36.006868,137.261074
久々野町無数河,36.044241,137.251223
久々野町辻,36.102942,137.313846
久々野町長淀,36.011428,137.285094
久々野町阿多粕,36.003369,137.325134
久保見町,35.409596,136.744743
久屋町,35.43306,136.768014
久徳町,35.361828,136.589758
久瀬川町,35.35741957,136.6021051
久田見,35.519462,137.184854
久野川,35.732958,137.245472
乗政,35.798949,137.30311
乙原,35.542827,136.528337
乙狩,35.60679,136.860845
九品町,35.3160025,136.8061515
九重町,35.41345975,136.7767563
乾町,35.325553,136.80212
二番町,35.418071,136.76145
二葉町,35.3571135,136.6291171
二見町,35.371136,136.762864
二野,35.409602,137.085824
五加,35.622994,137.28994
五反田町,35.415922,136.745937
五坪,35.40872,136.7726995
五日市,35.315354,136.542048
井尻,35.431366,137.153978
交人,35.468847,136.741211
京ケ脇,35.278114,136.54766
京町,35.35819489,137.0037977
今,35.381444,137.049924
今伊勢町宮後,35.31749,136.78527
今伊勢町新神戸,35.314447,136.789573
今伊勢町本神戸,35.317335,136.796539
今伊勢町馬寄,35.326821,136.788815
今宿,35.3666075,136.6361532
今小町,35.424881,136.762052
今岡町,35.3580135,136.619584
今嶺,35.399621,136.715496
今川,35.466161,136.726185
今川町,35.422974,136.756846
今沢町,35.423346,136.760978
今渡,35.430717,137.036481
今町,35.4065525,136.7170288
今福町,35.310087,136.630038
仏生寺,35.445788,136.686546
付知町,35.664541,137.439574
代官町,35.361362,136.62283
仲町,35.486149,136.928798
伊佐美,35.532438,136.781913
伊勢町,35.486169,136.921778
伊吹,35.375218,136.492017
伊吹町,35.4279225,136.761315
伊奈波山北洞,35.428238,136.770409
伊奈波山東洞,35.425761,136.771651
伊奈波山西洞,35.426784,136.769069
伊奈波通,35.42899667,136.7659963
伊岐津志,35.463249,137.126773
伊深町,35.513452,137.010952
伏屋,35.38291367,136.7902056
伏見,35.441895,137.090308
伝法寺,35.26413767,136.8427513
伝馬町,35.363548,136.622374
住ノ江町,35.4104275,136.7612175
住吉,35.2986875,136.7864065
住吉町,35.36438153,136.9208744
住田町,35.411563,136.7580075
佐久間町,35.426952,136.757888
佐千原,35.326401,136.810895
佐原,35.561853,136.642797
佐賀,35.494032,136.777321
佐野,35.53338833,136.744707
保井戸,35.747775,137.195754
保明,35.472124,136.844122
保木脇,35.575999,136.939945
俵町,35.357859,136.614638
倉知,35.463462,136.898404
倉知南,35.44826,136.902841
健康のまち,35.457308,137.01606
側島,35.472422,136.839934
元住町,35.41321,136.762665
元宮町,35.41622275,136.7481495
元浜町,35.436774,136.76849
元町,35.37613378,136.9262312
元重町,35.490112,136.913116
光ケ丘,35.3468704,137.1091344
光明寺,35.354451,136.803085
光明町,35.41510567,136.7479363
光栄町,35.448421,136.7719915
光樹町,35.393355,136.761084
光町,35.434344,136.7462703
光陽台,35.38583486,137.0125366
入会町,35.40657625,136.8523513
入方,35.32855767,136.5991703
入舟町,35.4113218,136.7780858
八ツ寺町,35.42176,136.759055
八ツ梅町,35.42319533,136.754347
八代,35.46015067,136.7726257
八剣,35.39177056,136.779689
八剣北,35.39623986,136.7815053
八坂町,35.391842,136.766149
八島町,35.386929,136.6893485
八幡,35.32601033,136.7553848
八幡町,35.6060405,137.0710295
八幡町中坪,35.75915425,136.9533793
八幡町五町,35.7568966,136.9437078
八幡町入間,35.755931,137.043363
八幡町初納,35.792638,136.998857
八幡町初音,35.784,136.960035
八幡町吉野,35.709875,136.96075
八幡町向山,35.754564,136.95504
八幡町城南町,35.74332,136.949152
八幡町大手町,35.751567,136.956721
八幡町大正町,35.747578,136.951013
八幡町安久田,35.73049,136.971959
八幡町小那比,35.67112,137.03011
八幡町小野,35.75696488,136.9707165
八幡町尾崎町,35.751194,136.9514
八幡町島,35.77046,136.921646
八幡町島谷,35.74539,136.9617
八幡町市島,35.787934,137.025626
八幡町新町,35.748711,136.956263
八幡町旭,35.758483,137.015691
八幡町有坂,35.759143,136.927527
八幡町有穂,35.830914,137.026045
八幡町本町,35.750308,136.956568
八幡町柳町,35.752442,136.959208
八幡町桜町,35.751583,136.961252
八幡町橋本町,35.748916,136.958025
八幡町殿町,35.752316,136.957137
八幡町河鹿,35.820134,136.991079
八幡町洲河,35.706403,137.025939
八幡町瀬取,35.775619,136.934227
八幡町相生,35.739988,136.896922
八幡町稲成,35.734066,136.955998
八幡町美山,35.73383,137.003232
八幡町職人町,35.753412,136.955916
八幡町肴町,35.750019,136.957437
八幡町西乙原,35.696655,136.93383
八幡町那比,35.699002,136.878896
八幡町野々倉,35.685176,137.005969
八幡町鍛冶屋町,35.751933,136.956033
八日町,36.149954,137.176119
八木山,35.413923,136.931102
八町通,35.292024,136.804524
八百津,35.494083,137.148248
八軒町,36.13859167,137.2565513
公園通,35.295298,136.8038528
六之井,35.437465,136.584213
六条,35.406064,136.741311
六条北,35.403019,136.740966
六条南,35.39676867,136.740618
六条大溝,35.3907085,136.7369685
六条東,35.4029645,136.745409
六条江東,35.39021733,136.7445157
六条片田,35.395825,136.7450485
六条福寿町,35.399029,136.746029
兼山,35.457564,137.09331
兼永町,35.485099,136.919282
内原,35.317016,136.616436
円保通,35.48868833,136.9288967
円原,35.658809,136.744665
円城寺,35.375255,136.785144
冨田,35.298428,136.733524
冬頭町,36.164014,137.241803
出屋敷,35.523366,136.824331
出戸,35.594211,136.780163
出来町,35.485827,136.922789
切井,35.550886,137.313523
切石町,35.3570435,136.60762
切通,35.40026088,136.7959949
初日町,35.447553,136.771956
初田町,36.14631367,137.253137
初音町,35.423638,136.764686
別府,35.394517,136.684624
別明町,35.311452,136.8144826
則松,35.49052683,136.7037413
則武,35.446261,136.741672
則武中,35.441289,136.742581
則武東,35.441985,136.7492783
則武西,35.4426345,136.735224
前一色,35.407059,136.7994877
前一色西町,35.407044,136.792817
前原町,36.15539,137.193863
前山町,35.472327,136.911809
前平町,35.45158667,137.00554
前沢,35.44383,137.194353
前渡北町,35.38807825,136.877133
前渡東町,35.3842809,136.888398
前渡西町,35.38541577,136.872054
前町,35.483761,136.919483
前畑町,35.3302426,137.1160242
前野,35.553761,136.905998
割田,35.339928,136.6053093
割田町,35.343168,136.607013
力山,35.483534,136.904819
加子母,35.733716,137.401406
加治田,35.497032,136.989735
加納三笠町,35.4050175,136.748411
加納上本町,35.40482425,136.7586795
加納中広江町,35.407021,136.762591
加納丸之内,35.399563,136.761175
加納二之丸,35.40078,136.762033
加納伏見町,35.40817,136.754236
加納八幡町,35.402877,136.767954
加納前田町,35.405498,136.750872
加納北広江町,35.408131,136.762448
加納南広江町,35.405841,136.762442
加納南陽町,35.397748,136.7517403
加納坂井町,35.409739,136.748448
加納城南通,35.398917,136.756574
加納堀田町,35.399515,136.7497115
加納大手町,35.403953,136.761957
加納大石町,35.406386,136.761304
加納大黒町,35.40212067,136.7526305
加納天神町,35.406463,136.7587184
加納奥平町,35.399577,136.7539455
加納安良町,35.403898,136.767565
加納富士町,35.409188,136.754535
加納寿町,35.4034824,136.7492986
加納御車町,35.396957,136.758047
加納徳川町,35.406867,136.761549
加納愛宕町,35.409265,136.750538
加納新本町,35.40659975,136.7512568
加納新柳町,35.405095,136.765694
加納新町,35.405232,136.763757
加納朝日町,35.40272267,136.7580387
加納本町,35.40651122,136.7555581
加納本石町,35.4036062,136.748668
加納村松町,35.4030525,136.7513925
加納東丸町,35.403585,136.763727
加納東広江町,35.407126,136.763646
加納東陽町,35.406023,136.764246
加納柳町,35.404377,136.765189
加納栄町通,35.40490329,136.7548137
加納桜田町,35.40411567,136.747749
加納桜道,35.4060055,136.7595125
加納梅田町,35.397932,136.747742
加納水野町,35.4085324,136.7529292
加納永井町,35.40336033,136.7554607
加納沓井町,35.403379,136.760659
加納清水町,35.4079556,136.758107
加納清田町,35.407191,136.760831
加納清野町,35.408312,136.757016
加納矢場町,35.399062,136.7563485
加納神明町,35.40409617,136.7500632
加納立花町,35.397877,136.748868
加納竜興町,35.400549,136.7494733
加納舟田町,35.396774,136.759549
加納花ノ木町,35.39706,136.75538
加納菱野町,35.408117,136.755175
加納西丸町,35.400778,136.7599885
加納西山町,35.398088,136.748234
加納西広江町,35.4084135,136.761202
加納鉄砲町,35.4013882,136.755974
加納長刀堀,35.40158825,136.7587915
加納青藤町,35.40250833,136.7519417
加納高柳町,35.40269925,136.7505943
加納鷹匠町,35.397031,136.757065
加納黒木町,35.4079495,136.7487535
加茂,35.4401875,136.6821485
加茂山,35.4397325,136.987215
加茂川町,35.44089633,137.007895
加茂野町今泉,35.464948,136.977793
加茂野町加茂野,35.454089,136.983446
加茂野町市橋,35.470223,136.964526
加茂野町木野,35.459291,136.9903
加茂野町稲辺,35.452811,136.96635
加茂野町鷹之巣,35.465191,136.96962
加賀野,35.370031,136.6378908
加野,35.46402325,136.8244558
勝山,35.426201,136.961131
勢至,35.298911,136.533188
北一色,35.4144614,136.7910906
北丘町,35.36399713,137.0816356
北丹町,35.322379,136.80142
北今,35.293834,136.754837
北今ケ渕,35.344089,136.668812
北仙房,35.493875,136.906914
北八ツ寺町,35.422493,136.760046
北切石町,35.35910833,136.6076337
北及,35.352092,136.747455
北唐戸洞,35.4291,136.779435
北園通,35.29671329,136.8061391
北天神,35.47898233,136.9343857
北小木町,35.351668,137.057923
北小渕,35.305988,136.837239
北小田町,35.3608715,137.2422965
北山,35.45889567,136.8577247
北島,35.42993122,136.7295788
北方,35.476186,136.6186225
北方町,35.3963128,136.6144242
北方町中島,35.358081,136.769875
北方町北方,35.361475,136.782414
北方町曽根,35.353332,136.781399
北柿ケ瀬,35.449552,136.73093
北浦町,35.311553,136.786737
北神明町,35.322972,136.8041843
北福野町,35.4894045,136.9014815
北野,35.459783,136.695408
北野北,35.513887,136.831144
北野南,35.501487,136.83217
北野東,35.506577,136.834987
北野町,35.4656155,137.1272125
北野西,35.505848,136.828616
北野西山,35.508701,136.82548
北野阿原,35.515853,136.822136
北釜ケ洞,35.430405,136.782443
北鶉,35.3840536,136.7244158
匠ケ丘町,36.140668,137.221734
十七条,35.405941,136.661357
十三塚北,35.48921,136.896785
十三塚南,35.4855,136.894594
十三塚町,35.486658,136.894823
十九条,35.393699,136.664542
十九田町,35.3412245,137.1227875
十八条,35.400051,136.662469
十六所,35.479624,136.907882
十六町,35.347431,136.568533
十四条,35.423991,136.66261
十軒町,35.485197,136.913783
千代田町,35.444903,136.77048
千島町,36.122284,137.250979
千年町,35.48395433,136.917676
千手堂中町,35.416579,136.750535
千手堂北町,35.416996,136.750694
千手堂南町,35.415964,136.7501195
千旦林,35.476103,137.46798
千畳敷下,35.434185,136.774047
千畳敷下大道西,35.434293,136.77355
千疋,35.494162,136.862222
千疋北,35.4944815,136.857087
千石町,35.425345,136.7534985
千秋町一色,35.307794,136.854725
千秋町佐野,35.300212,136.853961
千秋町加納馬場,35.304573,136.867527
千秋町加茂,35.316057,136.851654
千秋町勝栗,35.31262,136.858105
千秋町塩尻,35.284864,136.852097
千秋町天摩,35.295348,136.852901
千秋町小山,35.28696,136.854397
千秋町浅野羽根,35.290764,136.841428
千秋町浮野,35.306923,136.84796
千秋町町屋,35.290101,136.860915
千秋町穂積塚本,35.307481,136.858911
千秋町芝原,35.298319,136.865298
千鳥町,35.3618455,136.6274985
南一色町,35.371168,136.603169
南今ケ渕,35.339497,136.669113
南仙房,35.490829,136.906276
南出,35.482514,136.931032
南出町,35.30864,136.784543
南切石町,35.3547035,136.6094555
南印田,35.296045,136.8148285
南唐戸洞,35.426699,136.779443
南天神,35.47800067,136.9342057
南小渕,35.300035,136.840536
南小田町,35.3555445,137.242746
南市橋町,35.402714,136.583802
南戸,35.486783,137.217219
南新井,35.386211,136.5193835
南春日町,35.481986,136.916584
南本荘一条通,35.408949,136.746609
南本荘三条通,35.409869,136.746712
南本荘二条通,35.409539,136.746625
南本荘四条通,35.410242,136.746723
南柿ケ瀬,35.446043,136.73021
南條,35.318925,136.661969
南殿町,35.41775167,136.765062
南波,35.307334,136.634698
南濃町上野河戸,35.199369,136.603937
南濃町吉田,35.170022,136.619078
南濃町境,35.152826,136.640043
南濃町太田,35.179568,136.615286
南濃町奥条,35.204993,136.584241
南濃町安江,35.18793,136.619559
南濃町山崎,35.195771,136.615714
南濃町庭田,35.220503,136.571655
南濃町徳田,35.23868,136.581317
南濃町志津,35.238832,136.570506
南濃町志津新田,35.249509,136.568145
南濃町戸田,35.239661,136.587566
南濃町早瀬,35.236152,136.592093
南濃町松山,35.15852,136.623868
南濃町津屋,35.248093,136.551504
南濃町田鶴,35.164884,136.639807
南濃町羽沢,35.213297,136.606538
南濃町駒野,35.222585,136.605876
南濃町駒野奥条入会地,35.222226,136.598451
南濃町駒野新田,35.23555,136.597945
南町,35.478214,136.920515
南若森,35.34949767,136.601899
南若森町,35.353915,136.6007365
南蝉,35.446734,136.761386
南貸上,35.491879,136.91013
南釜ケ洞,35.428456,136.784513
南頬町,35.355561,136.6227756
南高橋町,35.35899367,136.622844
南鶉,35.37459357,136.7336713
印田通,35.2968995,136.8125663
又丸,35.440372,136.701557
又丸宮東,35.434911,136.703263
又丸村中,35.436831,136.70266
又丸柳町,35.43487,136.705826
又丸津島,35.434836,136.700227
又丸町畑,35.438841,136.705148
友楽町,35.371444,136.755615
友江,35.3260735,136.602672
取組,35.426843,136.980162
口ケ島,35.293402,136.574578
古井町下古井,35.44093,137.023764
古宮町,35.338267,136.632945
古屋敷,35.42404,137.111902
古屋敷町,35.481889,136.914398
古川町三之町,36.23469,137.184021
古川町上気多,36.243489,137.203833
古川町上町,36.222205,137.196485
古川町上野,36.241495,137.167669
古川町下気多,36.246833,137.188506
古川町下野,36.251646,137.147694
古川町中野,36.238994,137.154129
古川町信包,36.256587,137.117937
古川町南成町,36.22751,137.184559
古川町向町,36.22967975,137.1860373
古川町増島町,36.231617,137.190085
古川町壱之町,36.235555,137.185858
古川町大野町,36.216,137.203486
古川町太江,36.264736,137.196427
古川町宮城町,36.239482,137.176468
古川町寺地,36.237794,137.145527
古川町平岩,36.228926,137.163454
古川町幸栄町,36.229168,137.187467
古川町弐之町,36.23566,137.184358
古川町戸市,36.282118,137.164579
古川町数河,36.295415,137.195984
古川町新栄町,36.24086,137.182109
古川町是重,36.227527,137.193289
古川町朝開町,36.233366,137.180384
古川町末広町,36.237764,137.183868
古川町末真,36.278457,137.148341
古川町本町,36.238202,137.186124
古川町杉崎,36.261166,137.162992
古川町東町,36.231501,137.194268
古川町栄,36.239875,137.180457
古川町殿町,36.235116,137.188231
古川町沼町,36.248214,137.176178
古川町片原町,36.233447,137.193122
古川町畦畑,36.205078,137.13214
古川町笹ヶ洞,36.231768,137.135768
古川町若宮,36.23815467,137.1888997
古川町袈裟丸,36.262238,137.148934
古川町谷,36.270078,137.125281
古川町貴船町,36.230185,137.191556
古川町野口,36.277625,137.138474
古川町金森町,36.236162,137.189109
古川町高野,36.224063,137.175807
古川町黒内,36.232574,137.106074
古市場,35.465545,136.720915
古市場中原,35.460034,136.736164
古市場東町田,35.459508,136.740327
古市場神田,35.462393,136.731394
古市場老ノ上,35.463919,136.732748
古市場高宮,35.457974,136.739838
古市場高田,35.461573,136.734225
古橋,35.392265,136.65409
古知丸,35.37637625,136.5731435
古見町,35.317974,136.82048
古金町,35.2986855,136.8106195
只越,35.399688,136.682674
司町,35.3966275,136.7618145
各務,35.425504,136.926423
各務おがせ町,35.41543856,136.9065684
各務山,35.408667,136.888093
各務山の前町,35.406637,136.8978928
各務東町,35.42072014,136.9129954
各務船山町,35.41866633,136.8891147
各務西町,35.41366933,136.8916442
吉本町,35.485525,136.926658
吉津町,35.4160775,136.761009
吉田町,35.48607,136.923996
吉野町,35.42139057,136.7843919
名田町,36.137924,137.2554838
吐月町,35.48594,136.914033
向加野,35.46204533,136.831072
向山南,35.294287,136.8094685
向山町,35.38709814,136.8625454
向西仙房,35.493545,136.904868
向陽台,35.461584,136.939244
向陽町,35.398757,136.767551
吹上町,35.41367233,136.7408798
吹屋町,36.142601,137.263793
吾妻町,35.438842,136.7930568
呂久,35.393352,136.64472
和佐,35.711362,137.214099
和光,35.3073695,136.811171
和合新町,35.37446467,136.65212
和合本町,35.374093,136.6437325
和合町,35.3637495,137.2226325
和泉,35.596879,137.191381
和田,35.475776,136.564331
和知,35.47798,137.100269
和良町三庫,35.722856,137.049595
和良町下洞,35.760788,137.088573
和良町土京,35.800821,137.114347
和良町安郷野,35.752555,137.102157
和良町宮代,35.766459,137.070616
和良町宮地,35.738897,137.073809
和良町方須,35.745883,137.114723
和良町横野,35.736295,137.065679
和良町沢,35.740225,137.078304
和良町法師丸,35.736826,137.090622
和良町野尻,35.74972,137.065108
和良町鹿倉,35.811112,137.070347
唐栗,35.414016,136.639983
問屋町,35.52291217,136.8142563
啓運町,35.430714,136.762683
善光,35.32515,136.666418
喜多町,35.3374776,137.1035847
四季ノ台,35.46075,136.893185
四屋町,35.430191,136.760721
四郷,35.287288,136.645303
国府町三川,36.189083,137.264385
国府町三日町,36.21407,137.221566
国府町上広瀬,36.20361,137.252048
国府町今,36.215874,137.248319
国府町八日町,36.236053,137.239787
国府町半田,36.222774,137.224759
国府町名張,36.205395,137.211172
国府町宇津江,36.197944,137.171693
国府町宮地,36.230591,137.273375
国府町山本,36.234736,137.207001
国府町広瀬町,36.211772,137.213982
国府町木曽垣内,36.221203,137.216677
国府町村山,36.194248,137.251935
国府町東門前,36.226415,137.255698
国府町桐谷,36.23957,137.223263
国府町漆垣内,36.22302,137.233069
国府町瓜巣,36.180462,137.186649
国府町糠塚,36.189546,137.233995
国府町蓑輪,36.213946,137.234079
国府町西門前,36.229472,137.245496
国府町金桶,36.19888,137.230864
国府町鶴巣,36.225208,137.208204
国領,35.436637,136.639694
土岐ヶ丘,35.3399875,137.1694825
土岐口中町,35.34525633,137.1759988
土岐口北町,35.34980767,137.1757133
土岐口南町,35.3387364,137.1809166
土岐津町土岐口,35.341139,137.192739
土岐津町高山,35.353013,137.192495
土岐町,35.379778,137.279981
土田,35.425242,137.01843
地蔵,35.3770415,136.536551
坂ノ東,35.603797,137.161728
坂上町,35.3333033,137.1390214
坂下,35.574018,137.512804
坂下町,35.437176,136.7702665
坂井町,35.411762,136.7483825
坂内坂本,35.56566,136.40623
坂内川上,35.609995,136.348134
坂内広瀬,35.594956,136.382297
坂戸,35.414591,137.036193
城,35.331955,136.6584005
城前町,35.443923,136.7822975
城山,36.136095,137.26243
城崎通,35.30041875,136.810059
城望町,35.420348,136.786413
城東通,35.39664233,136.765323
城田寺,35.4677,136.747191
堀江町,35.428738,136.762031
堀津町,35.297384,136.678151
堀津町中屋敷,35.308723,136.672337
堀津町前谷,35.304694,136.676008
堀津町東山,35.305756,136.678924
堀津町横手,35.31152633,136.671893
堀津町須賀中,35.308546,136.67543
堀津町須賀北,35.3081215,136.6794765
堀津町須賀南,35.305137,136.671116
堀津町須賀西,35.308445,136.667842
堀田町,35.44397,136.784612
堀端町,36.140446,137.26266
堤外,35.436256,136.772119
塔ノ洞,35.502509,136.942332
塚,35.754431,136.375909
塩,35.411835,137.025429
塩喰,35.282799,136.617498
塩屋町,36.135599,137.314304
塩河,35.384486,137.039475
塩町,35.419938,136.7805135
境川,35.3717134,136.7481198
墨俣町さい川,35.368759,136.679418
墨俣町上宿,35.356896,136.681004
墨俣町下宿,35.349177,136.680716
墨俣町二ツ木,35.361437,136.677183
墨俣町先入方,35.366185,136.675338
墨俣町墨俣,35.364117,136.683443
夏焼,35.747328,137.274258
夕田,35.483307,136.992818
夕陽丘,35.430466,136.774291
外善光,35.324547,136.652145
外山,35.546596,136.680014
外津汲,35.524741,136.491802
外渕,35.32889925,136.6164845
外花,35.33155917,136.6055323
外野,35.33546725,136.6108325
外野町,35.338348,136.614351
多加木,35.279912,136.8144624
多芸島,35.32902125,136.5950957
多賀町,35.421455,136.764224
大久後,35.463136,137.193055
大井,35.346703,136.6300493
大井町,35.465488,137.412522
大仏町,35.432586,136.77112
大佐野町,35.3810875,136.8405743
大倉町,35.400034,136.764281
大光寺,35.49734,136.576922
大原町,35.34648827,137.0837721
大吉新田,35.269627,136.615877
大和町,35.430627,136.766316
大和町万場,35.835494,136.875503
大和町内ヶ谷,35.796316,136.82883
大和町剣,35.831351,136.891765
大和町北高井,35.279063,136.783125
大和町南高井,35.271024,136.786747
大和町古道,35.835856,136.963999
大和町名皿部,35.813196,136.890032
大和町大間見,35.848981,136.907185
大和町妙興寺,35.281537,136.801348
大和町宮地花池,35.289224,136.804808
大和町小間見,35.841331,136.924582
大和町島,35.779288,136.899412
大和町徳永,35.809374,136.902343
大和町戸塚,35.27968,136.790359
大和町於保,35.273772,136.794688
大和町栗巣,35.850231,136.942404
大和町毛受,35.298576,136.777736
大和町氏永,35.275315,136.802728
大和町河辺,35.795958,136.913879
大和町牧,35.815941,136.925143
大和町神路,35.793919,136.932901
大和町福森,35.300686,136.769548
大和町苅安賀,35.290402,136.776603
大和町落部,35.81224,136.87341
大和町馬引,35.305902,136.778776
大坪,35.415008,136.7402745
大場,35.267082,136.589815
大外羽,35.31960925,136.6031583
大字丈六道,35.428152,136.611172
大字上磯,35.440186,136.62829
大字上秋,35.475642,136.64745
大字下宮,35.412016,136.614356
大字下座倉,35.415557,136.631481
大字下方,35.451465,136.635348
大字下磯,35.432137,136.627984
大字中之元,35.465178,136.612979
大字中沢,35.395538,136.603838
大字五之里,35.446956,136.62165
大字今須,35.329498,136.434151
大字付寄,35.401579,136.632276
大字保木脇,36.202267,136.879482
大字八条,35.407002,136.601874
大字公郷,35.453133,136.605048
大字六里,35.459127,136.63149
大字内ケ戸,36.298586,136.915419
大字前田,35.406947,136.608912
大字加納,35.420597,136.6104265
大字加須良,36.30837,136.847189
大字北一色,35.431948,136.591261
大字南方,35.428774,136.608056
大字古川,35.491978,136.642474
大字和泉,35.401219,136.59756
大字大牧,36.238385,136.885761
大字大窪,36.247012,136.872176
大字大衣斐,35.457948,136.61935
大字大野,35.477996,136.637021
大字大高,35.372532,136.478583
大字安次,35.432087,136.606663
大字寺内,35.493411,136.635732
大字小白川,36.349496,136.866603
大字小衣斐,35.458871,136.624898
大字尾神,36.110899,136.916952
大字山中,35.356194,136.442785
大字島,36.282415,136.910441
大字川西,35.413519,136.605457
大字平瀬,36.14649,136.834165
大字御母衣,36.157818,136.900305
大字斉田,35.396401,136.638796
大字新屋敷,35.414584,136.623636
大字更屋敷,35.41541,136.588685
大字有家ケ原,36.320229,136.928069
大字木谷,36.20248,136.923301
大字末守,35.421784,136.593349
大字本庄,35.43066,136.61833
大字松尾,35.353835,136.464878
大字松山,35.477774,136.603171
大字柳瀬,35.394561,136.629011
大字桜大門,35.477913,136.63334
大字椿原,36.310685,136.880035
大字横井,35.442579,136.598417
大字瀬古,35.438367,136.6166365
大字牛洞,35.485901,136.603012
大字牛首,36.299602,136.953701
大字牧,36.141558,136.897464
大字玉,35.375819,136.440087
大字田,35.433884,136.600367
大字相羽,35.458007,136.639668
大字神戸,35.419571,136.611026
大字福島,36.119378,136.88959
大字稲富,35.495652,136.653512
大字稲畑,35.476529,136.640476
大字芦倉,36.341283,136.919633
大字荻町,36.252389,136.926082
大字落合,35.406631,136.633307
大字藤下,35.357571,136.455747
大字西保,35.413392,136.595521
大字西座倉,35.422633,136.62531
大字西方,35.476478,136.6242
大字郡家,35.445707,136.632073
大字野,35.488274,136.623503
大字野上,35.366051,136.494566
大字野谷,36.212636,136.844316
大字長瀬,36.14858,136.924035
大字関ケ原,35.368524,136.464997
大字領家,35.45586,136.61565
大字飯島,36.277647,136.877383
大字馬狩,36.256811,136.862837
大字鳩谷,36.264596,136.895018
大字麻生,35.464107,136.623515
大字黒野,35.467455,136.633972
大学北,35.47330067,136.7296783
大学西,35.4669105,136.731119
大宝町,35.41464767,136.7521963
大宮,35.3107748,136.8002982
大宮町,35.4344835,136.773164
大富町,35.420034,136.755693
大山,35.494997,136.970683
大島町,35.56650725,136.8074453
大工町,35.433142,136.765697
大巻,35.243314,136.609492
大平台,35.496837,136.859722
大平町,35.6375025,137.000849
大平賀,35.496609,136.958108
大志,35.2999235,136.8048375
大手町,35.447342,137.019286
大新町,36.1506358,137.2576382
大日町,35.336377,137.124584
大明神,35.336656,136.660453
大月,35.399194,136.64422
大杉,35.452312,136.951951
大村,35.3527945,136.653131
大柳町,35.4242195,136.7469885
大桑,35.545287,136.759962
大森,35.41512267,136.8291163
大森台,35.410237,137.062184
大正町,35.35794225,137.0360673
大正通,35.311965,136.792744
大毛,35.343289,136.802506
大江,35.30320467,136.8052587
大池町,35.380141,136.7068183
大沢町,35.3427225,137.072803
大洞,35.452978,136.8764075
大洞柏台,35.45961043,136.8708923
大洞桐が丘,35.4624725,136.8659245
大洞桜台,35.4601125,136.8655566
大洞町,36.156821,137.30412
大洞紅葉が丘,35.46230017,136.8709217
大洞緑山,35.452492,136.8666055
大洞西,35.456377,136.86616
大浜,35.3090805,136.809889
大湫町,35.440545,137.298846
大滝,35.415673,136.514499
大畑町,35.31994186,137.134312
大畑町大洞,35.314257,137.124638
大畑町西仲根,35.311827,137.126039
大畑町赤松,35.311025,137.133036
大矢田,35.538514,136.871609
大石,35.40341,136.503351
大福町,35.4361923,136.7393889
大縄場,35.4241775,136.7440048
大脇,35.36461,136.70208
大菅北,35.406402,136.70991
大菅南,35.402681,136.709385
大落洞,35.433806,136.789135
大蔵台,35.453552,136.82986
大薮町,35.377475,137.060419
大藪,35.293989,136.6606
大赤見,35.311225,136.824634
大跡,35.286684,136.573487
大野,35.3034515,136.632188
大野町,35.38803329,136.821139
大針,35.446007,136.988176
大針町,35.371436,137.073744
大門,35.537161,136.733303
大門町,35.6022348,136.959102
大黒町,35.411946,136.7781722
天徳町,35.476757,136.9324575
天性寺町,36.143579,137.266001
天池,35.424527,136.8121445
天満町,36.13796283,137.2542153
天狗堂,35.430057,136.6923325
天王,35.30887725,136.7910873
天王町,35.3916245,136.7617695
天神町,35.427761,136.754164
太平町,35.3638845,137.0269523
太田本町,35.43769,137.0137194
太田町,35.4858605,137.3822848
太郎丸,35.487744,136.806992
太郎丸中島,35.491225,136.817491
太郎丸北浦,35.495564,136.823181
太郎丸北郷,35.494273,136.810664
太郎丸向良,35.499566,136.807646
太郎丸新屋敷,35.49225,136.822959
太郎丸知之道,35.495649,136.805565
太郎丸諏訪,35.495157,136.815627
太郎丸野田,35.491298,136.80758
奈良町,35.372675,136.763522
奥,35.520106,136.69457
奥川町,35.330046,137.131049
奥町,35.327706,136.760436
奥飛騨温泉郷一重ヶ根,36.219577,137.556097
奥飛騨温泉郷中尾,36.248069,137.588846
奥飛騨温泉郷今見,36.256884,137.505375
奥飛騨温泉郷平湯,36.173905,137.56226
奥飛騨温泉郷村上,36.244983,137.51735
奥飛騨温泉郷柏当,36.23291,137.50604
奥飛騨温泉郷栃尾,36.25792,137.52046
奥飛騨温泉郷田頃家,36.279266,137.529586
奥飛騨温泉郷神坂,36.30419,137.602285
奥飛騨温泉郷福地,36.216723,137.521035
奥飛騨温泉郷笹嶋,36.286572,137.500553
奥飛騨温泉郷蓼之俣,36.235791,137.484638
奥飛騨温泉郷赤桶,36.245224,137.464346
如月町,35.40746957,136.7437287
妙興寺,35.286705,136.80178
妻木平成町,35.31651233,137.1896177
妻木町,35.298229,137.201798
姫ケ丘,35.4004545,137.0492885
姫町,35.391093,137.068275
学園台,35.3559668,137.2616346
学園町,35.440041,136.757339
孫六町,35.486968,136.915845
宇佐,35.39935275,136.731697
宇佐南,35.39412425,136.7337515
宇佐東町,35.398626,136.73584
宇田,35.326058,136.559819
守口町,35.43842117,136.7247317
安久,35.319629,136.553168
安井町,35.35468086,136.6312134
安宅町,35.4070325,136.765775
安桜台,35.491788,136.913732
安桜山,35.489217,136.917958
安毛,35.569034,136.914407
安良田町,35.40785167,136.7660837
安食,35.49349843,136.7256887
宗慶,35.429892,136.672712
宗猷寺町,36.141114,137.267072
定水寺,35.312034,136.839283
宝和町,35.369463,136.598368
宝山町,35.479984,136.91137
宝来町,35.421122,136.784104
宝江,35.3711995,136.667238
宝町,35.34202683,137.1090633
室原,35.3631285,136.7970895
室本町,35.3655908,136.6094706
室村町,35.371244,136.6101263
室津町,35.4133785,136.7507635
室町,35.384534,136.662027
宮代,35.355302,136.522526
宮前町,35.3823948,137.2513076
宮北町,35.398012,136.767463
宮地,35.45129275,136.8544705
宮地町,35.480911,136.925813
宮川町,35.369861,136.762012
宮川町万波,36.405702,137.128635
宮川町三川原,36.357528,137.181646
宮川町中沢上,36.395997,137.180635
宮川町丸山,36.324672,137.182678
宮川町加賀沢,36.436184,137.232913
宮川町塩屋,36.378037,137.200233
宮川町大無雁,36.301713,137.124166
宮川町小谷,36.301402,137.154794
宮川町小豆沢,36.43526,137.191944
宮川町山之山,36.386559,137.195694
宮川町岸奥,36.313688,137.139487
宮川町巣之内,36.344387,137.181764
宮川町巣納谷,36.41758,137.202599
宮川町戸谷,36.39733,137.160201
宮川町打保,36.373132,137.155534
宮川町杉原,36.418274,137.186404
宮川町林,36.321955,137.14948
宮川町桑野,36.411019,137.171946
宮川町森安,36.338494,137.115758
宮川町洞,36.398547,137.221603
宮川町牧戸,36.325942,137.160417
宮川町祢宜ケ沢上,36.405409,137.192609
宮川町種蔵,36.354172,137.194607
宮川町菅沼,36.337064,137.22696
宮川町落合,36.30928,137.11945
宮川町西忍,36.341356,137.141824
宮川町野首,36.323417,137.138749
宮川町高牧,36.34292,137.160873
宮川町鮎飛,36.424855,137.213366
宮河町,35.468253,136.934566
宮浦町,35.43715,136.728419
宮田,35.40501,136.645136
宮町,35.36552,136.613541
宮西通,35.3163725,136.80414
宿,35.412248,137.163658
宿地町,35.375062,136.60833
富之保,35.608713,136.996182
富塚,35.332102,136.811073
富士,35.304022,136.8181423
富士見町,35.3272054,137.0886024
富本町,35.484519,136.918572
富永,35.564177,136.785673
富沢町,35.415468,136.736262
富野,35.539484,136.937233
寺内町,35.3764415,136.6656262
寺前町,35.299425,136.77294
寺島町,35.3743156,136.7758798
寺河戸町,35.368165,137.252136
寺田,35.4371477,136.7466437
寺町,35.419082,136.76655
寿町,35.4208192,136.7661909
小佐野町,35.38795943,136.8324396
小信中島,35.315014,136.74477
小倉,35.458716,136.7093977
小原,35.439885,137.174289
小原町,35.320848,136.81686
小名田町,35.36383271,137.1310344
小名田町別山,35.373145,137.133295
小名田町可児郷,35.367152,137.138814
小名田町大石原,35.377964,137.131179
小名田町小滝,35.377497,137.121662
小名田町岩ケ根,35.370205,137.129796
小名田町悪洞,35.369481,137.138441
小名田町東谷,35.367932,137.141342
小名田町絵図ケ峯,35.375848,137.143552
小名田町草ノ頭,35.367277,137.128906
小名田町西ケ洞,35.367696,137.121031
小名田町西山,35.361825,137.128733
小名田町野田内,35.372676,137.138455
小和沢,35.462052,137.175646
小坂町坂下,35.930796,137.262513
小坂町大垣内,35.96005,137.266279
小坂町大島,35.955351,137.243979
小坂町大洞,35.866152,137.308291
小坂町小坂町,35.952042,137.264392
小坂町岩崎,35.992196,137.250142
小坂町湯屋,35.915093,137.306153
小坂町無数原,35.979383,137.24339
小坂町落合,35.933313,137.381942
小坂町赤沼田,35.919554,137.285252
小坂町長瀬,35.940199,137.277647
小坂町門坂,35.977412,137.295518
小寺,35.439061,136.541425
小屋名,35.482415,136.870084
小島,35.482394,136.551511
小川,35.786543,137.263576
小川町,35.500961,137.501102
小柳,35.432752,136.6915045
小柳町,35.4523495,136.839022
小柿,35.424619,136.677226
小栗町,35.324194,136.801286
小椎谷,35.433327,136.773664
小泉町,35.34816289,137.0455726
小津,35.594472,136.529337
小瀬,35.495141,136.883543
小瀬南,35.4919645,136.890455
小瀬長池町,35.494385,136.894378
小熊町,35.36766857,136.7201861
小熊町内粟野,35.339683,136.6953552
小熊町外粟野,35.3424312,136.6942596
小熊町天王,35.3376092,136.6951076
小熊町島,35.33439617,136.7074727
小熊町島前,35.332325,136.702609
小熊町島新道,35.33175,136.703379
小熊町川口,35.336167,136.700442
小熊町川口前,35.334955,136.700617
小熊町東小熊,35.352544,136.705117
小熊町江頭,35.338406,136.706878
小熊町相田,35.350763,136.712134
小熊町西小熊,35.350345,136.691923
小熊町足近新田,35.330834,136.716183
小牛,35.452674,136.559602
小田町,35.34201529,137.1447307
小西郷,35.45708567,136.7007143
小谷,35.495343,136.584188
小赤見,35.309758,136.832373
小路町,35.333303,137.130725
小迫間,35.460461,136.931313
小野,35.439941,136.6968934
少ケ野,35.792286,137.235571
尻毛,35.43742867,136.714487
尼ケ崎町,35.4190095,136.7806185
尾太町,35.509108,136.927166
尾崎北町,35.42581371,136.8352434
尾崎南町,35.42305383,136.8323948
尾崎西町,35.4235356,136.826155
居倉,35.419565,136.642732
居敷町,35.481554,136.908211
屋井,35.455178,136.64823
山ノ手,35.486503,136.918811
山下町,35.332055,137.133559
山之上町,35.483766,137.036726
山先町,35.443068,136.783675
山口,35.535384,137.109404
山口町,35.7801855,137.035177
山吹町,35.40365456,136.8794767
山岡町上手向,35.356125,137.383864
山岡町下手向,35.353425,137.356003
山岡町久保原,35.378518,137.385697
山岡町原,35.328123,137.35508
山岡町田代,35.347293,137.324772
山岡町田沢,35.339989,137.403617
山岡町釜屋,35.33737,137.374719
山岡町馬場山田,35.34734,137.415602
山崎町,35.462007,137.003132
山手,35.713394,136.421106
山手町,35.45151367,137.0153763
山洞,35.437682,136.559367
山王通,35.4887025,136.898394
山王通西,35.487332,136.895829
山田,35.467386,136.877327
山田町,35.741816,137.239805
山県北野,35.520477,136.818048
山県岩,35.506906,136.817681
山県岩中,35.50129,136.821057
山県岩南,35.500378,136.824289
山県岩明光,35.497638,136.817412
山県岩東,35.50408,136.826375
山県岩西,35.504183,136.820378
山脇町,35.38291213,136.8585423
岐阜町,35.364539,136.620311
岡,35.475984,136.555296
岡本町,36.14660525,137.246882
岩井,35.470594,136.8164268
岩井町,36.13335,137.385353
岩佐,35.545597,136.794728
岩倉町,35.4324774,136.756802
岩利,35.504207,136.7380617
岩地,35.40622525,136.807098
岩崎,35.466729,136.7779083
岩手,35.395245,136.48275
岩村町,35.360178,137.439259
岩村町富田,35.370624,137.45694
岩村町飯羽間,35.391759,137.422479
岩栄町,35.4180895,136.780584
岩滝東,35.42953933,136.8543317
岩滝西,35.43007467,136.8457437
岩田坂,35.4341865,136.8282293
岩田東,35.43736933,136.8363317
岩田西,35.44383867,136.8322453
岩道,35.294396,136.586086
島,35.46628,136.591686
島原町,35.395218,136.767013
島崎,35.2826645,136.829352
島川原町,36.140696,137.26441
島新町,35.428592,136.7414305
島村,35.340473,136.811269
島栄町,35.43176433,136.744045
島田,35.4229985,136.737836
島田中町,35.416494,136.740797
島田東町,35.416702,136.741901
島田西町,35.416419,136.739628
島町,35.41138667,136.8727663
島里,35.32296467,136.619904
川上,35.636974,137.508192
川並,35.533004,137.128207
川原町,36.138412,137.258837
川口,35.316208,136.6249633
川合,35.439649,137.061264
川合北,35.44223133,137.0524933
川合町,35.44674725,137.0474855
川島北山町,35.366357,136.804461
川島小網町,35.367087,136.85159
川島松倉町,35.368039,136.834299
川島松原町,35.362719,136.824952
川島河田町,35.36281625,136.8345295
川島渡町,35.363391,136.797891
川島竹早町,35.363382,136.840343
川島笠田町,35.37120371,136.8166331
川島緑町,35.36369,136.8188912
川崎町,35.401871,136.873856
川田町,35.298033,136.805978
川端町,35.422237,136.762179
川部,35.43775317,136.7096323
川間町,35.489038,136.91012
左京町,36.147858,137.262794
巾,35.48430533,136.8866767
市ノ坪町,35.41009,136.7798888
市之倉町,35.30160392,137.1230408
市之尾,35.390101,136.531922
市場,35.477785,136.527038
市平賀,35.490181,136.948278
市橋,35.40308329,136.7033734
布屋町,35.432292,136.766642
希望ケ丘,35.3709885,137.1197595
希望ケ丘町,35.470977,136.883735
帷子新町,35.40392567,137.0112013
常盤町,35.404839,136.8939353
常願通,35.31641922,136.8114708
平井,35.561461,136.722521
平井町,35.34394633,137.0971162
平和,35.30130467,136.788401
平和町,35.32736813,137.1185201
平和通,35.47319727,136.8753177
平安,35.2877465,136.834389
平安町,35.405827,136.7681
平尾,35.390864,136.540611
平島,35.35919533,136.8159493
平成,35.409436,136.7282389
平成通,35.4720105,136.93687
平河町,35.42799,136.752475
平田町三郷,35.259848,136.642155
平田町今尾,35.253961,136.632192
平田町仏師川,35.257485,136.636515
平田町勝賀,35.285762,136.666288
平田町土倉,35.240946,136.627247
平田町岡,35.273022,136.656784
平田町幡長,35.26835,136.663174
平田町者結,35.264111,136.657227
平田町脇野,35.232123,136.624861
平田町蛇池,35.255209,136.648478
平田町西島,35.242012,136.652713
平田町野寺,35.276379,136.66818
平田町須賀,35.283627,136.655629
平田町高田,35.243778,136.641967
平町,35.343082,136.647473
平貝戸,35.433394,137.089035
平賀町,35.48624338,136.9386969
平野町,35.32887025,137.13421
幸ノ町,35.410387,136.763454
幸田,35.801702,137.224846
幸町,35.35316938,137.0931719
広小路,35.331865,137.1279838
広眺ケ丘,35.4215189,137.0772007
広見,35.43308589,137.0408989
広見北町,35.516436,136.867424
広見東町,35.513431,136.87215
広野,35.608442,137.209407
府中,35.382003,136.526718
庵町,35.41932,136.774975
廿原町,35.318374,137.078163
弁天町,35.37533343,136.9659521
弥八町,35.421028,136.758686
弥生町,35.45042067,136.8716297
彦坂,35.495409,136.741675
彦坂川上,35.495098,136.751677
彦坂川北,35.49902,136.738759
彦坂川南,35.496173,136.734778
御厩野,35.777694,137.329843
御嵩,35.430141,137.137804
御幸町,35.33964167,137.1503018
御手洗,35.5088195,136.820925
御望,35.47407029,136.7062674
御杉町,35.428996,136.759096
御殿町,35.359584,136.6153355
御浪町,35.419383,136.761235
御門町,35.439487,137.0337595
徳山,35.714786,136.492891
徳永,35.589481,136.767184
徳田,35.3814594,136.7718836
徳田西,35.3841815,136.7685253
徳野南,35.420557,137.039319
徹明通,35.41735238,136.7527194
志摩,35.515111,136.894729
志津山,35.483867,136.58963
志津野,35.516381,136.952302
忠節南町,35.428736,136.755689
忠節町,35.429411,136.7545952
恵比寿町,35.358332,136.625812
恵比寿町北,35.3585448,136.6311262
恵比寿町南,35.3581098,136.631129
愛宕町,36.144704,137.265283
愛岐ケ丘,35.395503,137.0167954
戎町,35.4123714,136.7781074
成清町,35.38413814,136.8270851
戸田,35.482458,136.846732
房島,35.49095,136.552099
手力町,35.392332,136.801774
手賀野,35.463705,137.501971
打越,35.474238,136.768085
折立,35.456546,136.733767
押越,35.303424,136.55717
掛,35.551999,136.723741
政田,35.436504,136.646887
数屋,35.466716,136.652894
敷原,35.402023,136.521692
敷島町,35.409956,136.7382907
文京,35.3126515,136.804738
文殊,35.493334,136.683018
新井,35.386707,136.516162
新地町,35.360488,136.622927
新堀町,35.478786,136.922964
新宮,35.477436,136.548918
新宮町,36.126344,137.213505
新富町,35.336841,137.1343475
新栄町,35.411281,136.752354
新桜町,35.429856,136.767238
新池町,35.45313833,137.0269463
新生,35.29881825,136.7960493
新生町,35.329478,136.7082093
新田,35.485839,136.891892
新田町,35.3447964,136.6219534
新町,35.390686,136.9551534
新興町,35.415817,136.73572
新迫間,35.444012,136.94625
新長松,35.368602,136.569987
新長沢町,35.358278,136.6361882
新開洞,35.431385,136.789017
新開町,35.377505,136.652614
新馬場町,35.356895,136.609317
新鵜沼台,35.40492338,136.9527404
日の出町,35.7749035,137.0902527
日ノ出町,35.41423478,136.874951
日ノ本町,35.413221,136.7519735
日光町,35.4217083,136.7472053
日吉町,35.431639,137.23841
日坂,35.542737,136.448495
日当,35.592553,136.644223
日永,35.608362,136.768785
日置江,35.37129656,136.7033418
日野北,35.44104557,136.8124174
日野南,35.42907256,136.8071333
日野東,35.4329125,136.8163796
日野西,35.43676725,136.7996128
旦島,35.43326357,136.7217953
旦島中,35.435674,136.7243615
旦島中町,35.4371485,136.7237555
旦島宮町,35.43650633,136.7277077
旦島西町,35.437113,136.721161
早田,35.440031,136.762439
早田大通,35.4341445,136.7490415
早田本町,35.43738025,136.7542918
早田東町,35.4374057,136.762891
早田栄町,35.4357854,136.7555526
早田町,35.43488725,136.7524558
早苗町,35.39206842,136.6942686
早野,35.452634,136.663974
旭ケ丘,35.39459954,137.0606655
旭ケ丘町,36.177969,137.242523
旭町,35.35955988,136.6291406
旭見ケ池町,35.421455,136.775108
明世町山野内,35.37655,137.233858
明世町戸狩,35.38002,137.244467
明世町月吉,35.383997,137.230108
明和町,35.35670383,137.1035458
明地,35.278671,136.737099
明宝二間手,35.85928,137.042102
明宝大谷,35.853885,137.014708
明宝奥住,35.914902,137.048076
明宝寒水,35.876763,136.982292
明宝小川,35.882743,137.109534
明宝気良,35.890085,137.014408
明宝畑佐,35.853298,137.06214
明徳,35.293104,136.554521
明徳町,35.423251,136.757735
明智町,35.298233,137.395775
明智町吉良見,35.306072,137.343298
明智町大泉,35.315553,137.370852
明智町大田,35.29562,137.361482
明智町杉野,35.320406,137.413602
明智町東方,35.305539,137.433447
明智町横通,35.273996,137.373826
明智町野志,35.324441,137.38527
明智町阿妻,35.276662,137.343942
明治町,35.3360685,137.13214
明治通,35.298143,136.79987
明生町,35.4729588,136.9263342
明神洞,35.431493,136.785383
明神町,35.43859933,136.728455
明賀台,35.3436602,137.244937
星ケ丘,35.489959,136.879016
星ケ台,35.32502625,137.1413083
星見台,35.3852425,137.0842475
春日中山,35.458478,136.436236
春日六合,35.477187,136.499051
春日小宮神,35.465124,136.463246
春日川合,35.436424,136.448393
春日町,35.54333886,136.8982214
春日美束,35.496916,136.429507
春日香六,35.467658,136.469748
春明,35.320426,136.846276
春来町,35.43194033,136.688016
春近,35.452214,136.695716
春近古市場北,35.494433,136.836227
春近古市場南,35.490883,136.837887
春里町,35.478253,136.9259017
昭和,35.29554725,136.746401
昭和町,35.68777625,137.0788446
昭栄町,35.354205,137.081009
昼飯町,35.388822,136.569952
時之島,35.323785,136.833945
曙町,35.73953011,136.9956763
曲路,35.43142075,136.6944683
曲路東,35.43066225,136.6974485
更屋敷,35.35577,136.790724
曽井中島,35.486775,136.667781
曽代,35.563164,136.91697
曽我屋,35.42834744,136.7059903
曽木町,35.307479,137.258097
曽根町,35.4014694,136.6186294
月ノ会町,35.41944,136.7806295
月丘町,35.4160642,136.7785694
月美町,35.377609,136.760963
月見町,35.36378125,137.0569428
有尾,35.256983,136.584193
有楽町,36.141576,137.257314
有里,35.465634,136.661181
朝倉町,35.481058,136.919996
朝日,35.30841367,136.8173517
朝日町,35.51685913,136.7823571
朝日町一之宿,36.029083,137.393184
朝日町万石,36.074845,137.348548
朝日町上ケ見,36.082663,137.355635
朝日町大廣,36.068605,137.362486
朝日町宮之前,36.012536,137.403523
朝日町寺澤,36.085448,137.361747
朝日町寺附,36.076342,137.421602
朝日町小瀬,36.102215,137.338598
朝日町小瀬ケ洞,36.055953,137.405649
朝日町小谷,36.084075,137.318773
朝日町桑之島,36.005229,137.401299
朝日町浅井,36.078699,137.390594
朝日町甲,36.073442,137.328214
朝日町立岩,36.104059,137.358825
朝日町胡桃島,35.964313,137.447018
朝日町西洞,36.000207,137.362353
朝日町見座,36.097885,137.323367
朝日町青屋,36.113641,137.437922
朝日町黍生谷,36.038346,137.40682
朝日町黒川,36.054672,137.369779
朝霧町,35.392584,136.763278
木ノ下町,35.4091485,136.782547
木ノ本町,35.41373633,136.7484513
木呂町,35.369763,136.576101
木戸町,35.3648615,136.60271
木挽町,35.434956,136.771667
木曽川町三ツ法寺,35.331915,136.766683
木曽川町内割田,35.338467,136.777362
木曽川町外割田,35.337952,136.771028
木曽川町玉ノ井,35.336772,136.758518
木曽川町里小牧,35.349024,136.762919
木曽川町門間,35.335286,136.790993
木曽川町黒田,35.343121,136.785526
木田,35.446992,136.7212252
木知原,35.525674,136.671471
木造町,35.429448,136.762693
末広,35.295168,136.7884517
末広町,35.59793575,137.0182125
本今,35.34754767,136.6094353
本今町,35.345387,136.616025
本戸,35.30755,136.64549
本母町,36.162903,137.248418
本田,35.409664,136.674391
本町,35.48847976,137.0052048
本町通,35.297625,136.801662
本荘,35.417903,136.736194
本荘中ノ町,35.4046137,136.7337465
本荘町,35.411143,136.734936
本荘西,35.41035275,136.7315875
本郷,35.450397,136.565023
本郷町,35.44190718,136.9117905
杉ケ洞,35.433395,136.785597
杉山,35.347344,136.808124
杉山町,35.422855,136.75885
杉野,35.455649,136.591656
村山,35.484561,136.7180543
村里町,35.393615,136.766976
村雨町,35.419661,136.745337
東上田,35.835693,137.246283
東両郷町,35.313438,136.822273
東中島,35.38886,136.807513
東五城,35.30456,136.746694
東仙房,35.491327,136.907522
東出町,35.3980545,136.863021
東前,35.3485786,136.6335818
東前町,35.34652,136.639121
東加茂,35.44006633,136.690571
東加賀野井,35.285212,136.719991
東印田町,35.2975,136.815164
東外側町,35.3637415,136.6165375
東宮町,35.4312535,137.135277
東山,35.43845708,136.9657683
東山町,36.145886,137.26676
東島,35.42608233,136.7386697
東島町,35.31877867,136.8135983
東川手,35.3873682,136.7654538
東帷子,35.393983,137.011062
東志摩,35.514386,136.898458
東改田,35.450257,136.713273
東新町,35.48109029,136.9364721
東日吉町,35.48806,136.915593
東明見町,35.397205,136.767377
東本郷,35.492837,136.927203
東本郷通,35.4892795,136.9355393
東杉原,35.643837,136.520602
東材木町,35.434784,136.769342
東板谷,35.454036,136.7172
東栄町,35.3837065,136.9617745
東桜町,35.491044,136.912196
東横山,35.598361,136.480062
東津汲,35.551185,136.518336
東深瀬,35.515181,136.800466
東田原,35.461507,136.957682
東町,35.408652,136.9371305
東神田,35.36788867,136.5334867
東福野町,35.487938,136.905889
東結,35.3657015,136.6674635
東興町,35.4165,136.782707
東貸上,35.494242,136.911349
東野,35.438343,137.462145
東野町,35.490001,136.94037
東金宝町,35.4149215,136.763763
東金池町,35.374755,136.768546
東長町,35.36164,136.621536
東門前町,35.483386,136.92337
東陽町,35.37488,136.763457
東駒爪町,35.416228,136.76377
東高岩町,35.421469,136.762357
東鶉,35.38093443,136.740174
松が丘,35.408883,136.9244278
松ケ枝町,35.43172,136.77241
松ケ瀬町,35.36659275,137.2404455
松下町,35.432034,136.773003
松之木町,36.151716,137.281217
松伏,35.388129,137.0761198
松倉台,35.531987,136.9124225
松倉町,36.111752,137.216522
松内,35.261805,136.621001
松原町,35.408823,136.742248
松坂町,35.3677504,137.0881248
松尾,35.542636,136.711243
松屋町,35.428738,136.764572
松山町,35.373846,136.797589
松島町,35.295401,136.801047
松本町,35.575071,136.959166
松栄町,35.50582317,136.886293
松森,35.528054,136.91225
松降,35.3082765,136.804394
松降通,35.315488,136.8080995
松風町,35.444375,136.7703785
松鴻町,35.40694025,136.764888
板取,35.724923,136.76853
林町,35.3717601,136.6209309
枝郷,35.3920418,136.5939734
枠杁町,35.315032,136.8099665
柏尾,35.29486,136.540248
柚木颪,35.314782,136.827484
柱本,35.4281085,136.6890983
柱本南,35.42619833,136.6902147
柱本池之頭,35.42495967,136.6974793
柱本白坪,35.4273505,136.6952095
柳ケ瀬通,35.41946743,136.756485
柳原町,35.363716,136.760532
柳川町,35.418838,136.751833
柳戸,35.465133,136.737862
柳戸町,35.294618,136.806063
柳森町,35.402395,136.7367615
柳沢町,35.422416,136.764757
柳津町,35.36541,136.725408
柳津町上佐波,35.370559,136.72219
柳津町上佐波東,35.37254967,136.7263707
柳津町上佐波西,35.37246211,136.7155828
柳津町下佐波,35.359137,136.7215344
柳津町下佐波西,35.361499,136.7172357
柳津町丸野,35.3631912,136.7293252
柳津町佐波,35.362266,136.72532
柳津町北塚,35.3679928,136.7339444
柳津町南塚,35.3629834,136.7351622
柳津町宮東,35.36763333,136.7377237
柳津町本郷,35.3670846,136.742344
柳津町東塚,35.3671216,136.7524962
柳津町栄町,35.366276,136.756343
柳津町梅松,35.36274925,136.7414478
柳津町流通センター,35.36478133,136.7109493
柳津町蓮池,35.36695683,136.747795
柳津町高桑,35.35561933,136.7091662
柳津町高桑堤外,35.355082,136.7024377
柳津町高桑東,35.36153367,136.71323
柳津町高桑西,35.3621792,136.7061542
柳生町,35.42885,136.76015
柳町,35.468614,137.0560887
柿下,35.397478,137.101934
柿田,35.429701,137.097867
柿野,35.632443,136.788077
栄,35.30286025,136.7982662
栄扇町,35.427849,136.76416
栄新町,35.437904,136.7581237
栄枝町,35.42018,136.754824
栄町,35.437778,136.9548521
栗原,35.339932,136.540761
栗屋町,35.364057,136.618561
栗矢田町,35.4126585,136.7649105
栗笠,35.296978,136.595201
根古地,35.268218,136.603101
根尾上大須,35.744822,136.659611
根尾下大須,35.701823,136.665392
根尾中,35.647119,136.599978
根尾口谷,35.630113,136.63869
根尾大井,35.656898,136.556477
根尾大河原,35.759241,136.554524
根尾天神堂,35.673025,136.58148
根尾奥谷,35.619108,136.653476
根尾宇津志,35.578691,136.623372
根尾小鹿,35.653561,136.638601
根尾市場,35.639325,136.610975
根尾平野,35.600482,136.634742
根尾東板屋,35.647734,136.623397
根尾松田,35.663223,136.66745
根尾板所,35.620737,136.628911
根尾樽見,35.638367,136.618502
根尾水鳥,35.606328,136.58895
根尾神所,35.636711,136.59726
根尾能郷,35.707598,136.552115
根尾西板屋,35.65805,136.612064
根尾越卒,35.666874,136.604874
根尾越波,35.75682,136.620292
根尾長島,35.68838,136.588189
根尾長嶺,35.668355,136.588346
根尾門脇,35.668939,136.597577
根尾高尾,35.592494,136.609081
根尾黒津,35.707152,136.603305
根本町,35.35881125,137.084216
桂,35.501278,136.566203
桂ケ丘,35.39108833,137.087607
桃山町,35.498738,137.499577
桃紅大地,35.451006,136.901568
桐ケ丘,35.457205,136.8996017
桐ヶ崎町,35.364594,136.614943
桐生町,36.15641525,137.2517751
桐谷台,35.45781667,136.892374
桑原町八神,35.271024,136.692144
桑原町前野,35.256726,136.687033
桑原町午南,35.25834,136.681079
桑原町大須,35.26303483,136.6745627
桑原町小藪,35.25041,136.67431
桑原町平太,35.267149,136.679574
桑原町東方,35.278907,136.680868
桑原町西小薮,35.25771533,136.66141
桜,35.307377,136.806842
桜ケ丘,35.4058605,137.0587001
桜井,35.315389,136.528915
桜台,35.46633025,136.9281193
桜木町,35.41432463,136.898001
桜本町,35.489646,136.9114385
桜町,35.759852,137.0077255
桜通,35.418961,136.7464645
桧町,35.365526,136.586525
梅ケ枝町,35.43804975,136.7954745
梅原,35.516627,136.755161
梅園町,35.416602,136.733213
梅林,35.418342,136.769639
梅林南町,35.417896,136.770577
梅林西町,35.418393,136.7682
梅河町,35.42174833,136.754439
梅竜寺山,35.479381,136.921299
梅谷,35.406369,136.536896
梶川町,35.431658,136.770925
森,35.6192815,136.956521
森下町,36.1321165,137.2588355
森山町,35.45939217,137.0486462
森本,35.2896034,136.8137624
森東,35.487107,136.837014
森西,35.48695,136.83431
森西町,35.486037,136.910448
森部,35.335931,136.681203
植野,35.499281,136.850567
椎倉,35.531314,136.800501
椿,35.61823,136.757526
椿洞,35.487895,136.761254
楓台,35.529407,136.873716
楠田,35.37403,136.529323
楠町,35.4469985,136.7718655
楡俣,35.303799,136.656653
楡俣新田,35.299119,136.650242
極楽寺,35.512349,136.726364
楽田町,35.38171363,136.6270049
榎戸町,35.38002967,136.562244
槻谷,35.434083,136.776865
権現山,35.500365,137.101341
権現町,35.415283,136.730498
横屋,35.321386,136.6182125
横曽根,35.3010912,136.6123662
横曽根町,35.295211,136.613271
横越,35.540021,136.895796
樫原,35.581378,136.4878
樽上町,35.360544,137.2526185
橋本町,35.410442,136.7531733
橋爪,35.327114,136.536925
橘町,35.361856,136.6267445
櫨原,35.746076,136.461368
次月,35.407945,137.187698
次木,35.380181,136.711352
正木,35.454333,136.74302
正木中,35.449985,136.7439255
正木北町,35.453012,136.748305
正木南,35.4503245,136.739875
正木町三ツ柳,35.307122,136.727641
正木町上大浦,35.33826714,136.741118
正木町不破一色,35.331752,136.724064
正木町光法寺,35.334632,136.74494
正木町南及,35.34218111,136.7452659
正木町坂丸,35.33156533,136.7324455
正木町大浦,35.322937,136.731319
正木町大浦新田,35.3315188,136.7377572
正木町新井,35.317248,136.724772
正木町曲利,35.326836,136.717767
正木町森,35.33764431,136.7358969
正木町森新田,35.3343492,136.7403938
正木町須賀,35.334745,136.723428
正木町須賀小松,35.339639,136.729559
正木町須賀本村,35.336077,136.729187
正木町須賀池端,35.344428,136.740172
正木町須賀赤松,35.342661,136.733932
正木西町,35.452592,136.741394
正法寺町,35.395219,136.763262
此花町,35.41206017,136.7416995
武並町新竹折,35.425414,137.344585
武並町竹折,35.433353,137.361421
武並町藤,35.457887,137.319757
武芸川町八幡,35.536496,136.850785
武芸川町宇多院,35.536365,136.822139
武芸川町小知野,35.544517,136.842943
武芸川町平,35.527619,136.835055
武芸川町谷口,35.565383,136.830241
武芸川町跡部,35.515762,136.849545
武芸川町高野,35.524239,136.855004
歩行町,35.364747,136.6217605
段,35.461607,136.539796
段下,35.484141,136.895952
殿町,35.37662067,136.7790911
比久見,35.495968,137.078369
比衣,35.447875,137.104933
水ノ輪町,35.500716,136.909144
水主町,35.39261,136.757529
水戸野,35.605126,137.227978
水海道,35.4102628,136.8124198
水落町,35.319455,136.802749
水附町,35.296938,136.817445
水風呂谷,35.436876,136.783245
氷取,35.331871,136.665715
永楽町,35.418553,136.7806055
永田町,35.427001,136.751822
江口,35.42179167,136.722794
江吉良町,35.31127,136.700899
江吉良町江中,35.310266,136.6909187
江吉良町江西,35.314185,136.692685
江名子町,36.125367,137.280878
江崎,35.404448,136.702942
江崎北,35.406501,136.706979
江崎南,35.402096,136.705775
江崎町,35.355893,136.633253
江川,35.375396,136.802107
江川町,35.422984,136.75968
江月,35.314661,136.590769
江添,35.39349833,136.7274847
池ノ上町,35.43006125,136.744468
池尻,35.509606,136.885438
池尻町,35.38597,136.597047
池田町,35.35808262,137.0348218
池野,35.437845,136.577256
沓井,35.468642,136.559246
沖ノ橋町,35.41862333,136.7501197
沢田,35.318491,136.517002
河合町,35.486207,136.912314
河合町上ケ島,36.302999,137.031535
河合町中澤上,36.306534,137.080647
河合町二ツ屋,36.350603,137.065813
河合町保,36.223804,136.997595
河合町保木林,36.30891,137.066693
河合町元田,36.275581,137.042733
河合町大谷,36.28685,137.097213
河合町天生,36.264082,136.994813
河合町小無雁,36.288988,137.118548
河合町新名,36.276782,137.073258
河合町月ケ瀬,36.251154,137.005339
河合町有家,36.297499,137.08535
河合町稲越,36.247514,137.075086
河合町羽根,36.308999,137.052405
河合町舟原,36.208103,137.056555
河合町角川,36.320161,137.108484
河岐,35.578254,137.1944
河東,35.612992,137.184717
河渡,35.41269214,136.7002139
河間町,35.3819756,136.6031242
泉,35.30222733,136.8099553
泉が丘町,35.37349417,137.1718962
泉中窯町,35.3705405,137.1888628
泉仲森町,35.3664575,137.1869545
泉北山町,35.3923701,137.1849498
泉大坪町,35.36374233,137.1817247
泉大島町,35.3659066,137.19072
泉大沼町,35.35799925,137.1770108
泉寺下町,35.36221433,137.1791997
泉寺田町,35.36655633,137.193552
泉岩畑町,35.36203225,137.1830592
泉島田町,35.36428933,137.1872133
泉日之出町,35.355135,137.1750395
泉明治町,35.3594094,137.178601
泉東窯町,35.3698778,137.1913562
泉梅ノ木町,35.365159,137.184282
泉森下町,35.3651925,137.1888415
泉池ノ上町,35.356716,137.175527
泉町,35.369673,136.6906107
泉町久尻,35.374733,137.157396
泉町大富,35.380174,137.183526
泉町定林寺,35.384541,137.195849
泉町河合,35.38086,137.21154
泉神栄町,35.36347075,137.1852038
泉西原町,35.3606145,137.176874
泉西山町,35.35902767,137.175441
泉西窯町,35.3695134,137.1857356
泉郷町,35.3607095,137.1804988
法林寺,35.505413,136.684681
波須,35.36511567,136.6501277
洞,35.47374,136.71609
洞戸大野,35.607774,136.84352
洞戸小坂,35.59819,136.839908
洞戸小瀬見,35.657284,136.811328
洞戸尾倉,35.627383,136.81943
洞戸市場,35.602968,136.815133
洞戸栗原,35.619832,136.836727
洞戸片,35.616895,136.80848
洞戸菅谷,35.586189,136.802499
洞戸通元寺,35.61043,136.816413
洞戸阿部,35.635252,136.810857
洞戸飛瀬,35.618503,136.816551
洞戸高見,35.646996,136.814808
洞戸高賀,35.650819,136.859708
洞戸黒谷,35.606585,136.830717
洞田,35.532425,136.71763
津保川台,35.4731825,136.8669345
津島町,35.44297057,136.8605666
津村町,35.3810784,136.6469254
津橋,35.427066,137.193626
浅中,35.311924,136.60846
浅井町前野,35.344503,136.829628
浅井町大日比野,35.34223,136.821726
浅井町大野,35.353766,136.822582
浅井町小日比野,35.342572,136.835585
浅井町尾関,35.348453,136.825916
浅井町東浅井,35.330581,136.825999
浅井町極楽寺,35.355974,136.816798
浅井町江森,35.336457,136.820459
浅井町河田,35.353955,136.828514
浅井町河端,35.335884,136.83281
浅井町西浅井,35.33005,136.819466
浅井町西海戸,35.336403,136.827772
浅井町黒岩,35.353369,136.833877
浅木,35.441528,136.638497
浅草,35.3105175,136.6163643
浅西,35.305975,136.6067423
浅野,35.29407,136.828577
浜町,35.30958,136.8131773
浪花町,35.4227365,136.750519
海松新田,35.271504,136.625647
海津町七右衛門新田,35.165208,136.651624
海津町万寿新田,35.169445,136.657319
海津町五町,35.204707,136.641811
海津町内記,35.213317,136.647819
海津町古中島,35.175421,136.66797
海津町外浜,35.187323,136.668168
海津町大和田,35.220578,136.671938
海津町安田,35.183458,136.632889
海津町安田新田,35.190518,136.632651
海津町宮地,35.195093,136.629591
海津町帆引新田,35.173796,136.645535
海津町平原,35.232312,136.640873
海津町成戸,35.237502,136.6686
海津町日原,35.199128,136.67122
海津町本阿弥新田,35.194191,136.63831
海津町札野,35.204035,136.652824
海津町東小島,35.212246,136.63151
海津町松木,35.245878,136.658121
海津町森下,35.183559,136.665552
海津町江東,35.190498,136.650197
海津町油島,35.144058,136.668488
海津町沼新田,35.185195,136.643233
海津町深浜,35.194317,136.653101
海津町瀬古,35.24598,136.664337
海津町田中,35.231083,136.661949
海津町石亀,35.188296,136.66096
海津町神桐,35.24002,136.663559
海津町福一色,35.233984,136.663859
海津町福岡,35.229679,136.616815
海津町福江,35.173885,136.662114
海津町秋江,35.228767,136.669667
海津町稲山,35.203448,136.630709
海津町立野,35.205894,136.662544
海津町草場,35.218793,136.65895
海津町萱野,35.211169,136.638788
海津町西小島,35.211286,136.624499
海津町金廻,35.157888,136.665654
海津町長久保,35.197507,136.663778
海津町長瀬,35.20714,136.672398
海津町馬目,35.221904,136.643631
海津町駒ケ江,35.213237,136.671748
海津町高須,35.217082,136.622618
海津町高須町,35.220589,136.629993
海津町鹿野,35.226065,136.654271
海老,35.447846,136.640026
淀川町,35.498236,137.507512
深坂,35.4748195,136.7209845
深坪町,35.31176,136.781181
深池町,35.327417,136.631458
深田町,35.434633,137.005681
深萱,35.43867,136.962896
清,35.407258,136.744182
清住町,35.40094075,136.7609448
清本町,35.4069325,136.7390013
清水,35.406371,136.5742634
清水ケ丘,35.3944205,137.0444887
清水町,35.43180375,136.9004368
清蔵寺,35.484344,136.907784
清見町三ツ谷,36.069644,137.163805
清見町三日町,36.127362,137.192219
清見町上小鳥,36.093372,137.066981
清見町二本木,36.157284,137.085753
清見町坂下,36.088564,137.12657
清見町夏厩,36.146142,137.103638
清見町大原,35.958317,137.078808
清見町大谷,36.149962,137.028505
清見町巣野俣,36.056402,137.099237
清見町森茂,36.168892,136.983633
清見町楢谷,35.99505,137.063356
清見町江黒,36.187188,137.05366
清見町池本,36.163108,137.057923
清見町牧ケ洞,36.147516,137.143162
清見町福寄,36.098713,137.163838
清見町藤瀬,36.099906,137.19226
渋谷町,35.403246,136.76637
渕之上,35.435305,137.096302
温井,35.432838,136.636212
港町,35.364623,136.762808
湊町,35.438174,136.773521
湯之島,35.818184,137.248458
溝口,35.46771,136.832562
溝口上,35.480288,136.835177
溝口下,35.476155,136.831678
溝口中,35.478368,136.83479
溝口中野,35.473565,136.832072
溝口東,35.473199,136.836338
溝口童子,35.470625,136.831922
溝旗町,35.414186,136.7641955
滝呂町,35.31425776,137.1457567
滝田,35.488462,136.974057
滝町,36.146164,137.367091
滝見町,35.313639,136.545998
漆垣内町,36.146083,137.295146
潮見,35.489361,137.251054
瀬戸,35.630319,137.3562625
瀬田,35.426661,137.08654
瀬部,35.333879,136.839715
火打,35.698598,137.233029
烏江,35.305063,136.587181
無動寺,35.371101,136.798701
焼石,35.720342,137.199426
熊野町,35.381595,136.607381
爪,35.38297,136.714109
片倉町,35.48247,136.910837
片原,35.626613,136.737879
片原町,36.141575,137.258886
片山,35.423674,136.546202
片知,35.589012,136.90957
片野町,36.12394843,137.2659326
牛牧,35.381062,136.670618
牛野通,35.28830425,136.8070288
牧,35.324661,136.644456
牧新田町,35.320973,136.630597
牧野,35.447827,137.066102
牧野町,35.38276425,136.5776223
犀川,35.36879983,136.6751472
犬ヶ渕町,35.351738,136.636613
猿海道,35.283986,136.818636
玉井町,35.437375,136.771443
玉姓町,35.41394433,136.7547953
玉宮町,35.4135355,136.758062
玉森町,35.414149,136.758883
玉野,35.266648,136.744162
琴塚,35.41829675,136.8121303
瑞岩寺,35.457568,136.514836
瑞穂,35.258521,136.599696
瑞穂町,35.414968,136.735617
瑞雲町,35.4151616,136.7784568
瓢町,35.369506,136.754344
甚衛町,35.432295,136.765001
生櫛,35.521596,136.898363
生津,35.405911,136.687904
生津内宮町,35.4079655,136.6869985
生津外宮前町,35.403333,136.69148
生津外宮東町,35.406314,136.6911985
生津天王東町,35.404955,136.697264
生津天王町,35.4032005,136.6948895
生津滝坪町,35.409343,136.6833845
生田町,35.34624557,137.089865
田,35.265831,136.58069
田中,35.458946,136.563235
田之上,35.409376,136.64816
田代,35.362054,136.753286
田代町,35.33252567,137.1183017
田口,35.730039,137.289668
田口町,35.346759,136.62495
田島町,35.4218798,136.9839148
田所,35.347251,136.795649
田栗,35.59887,136.749547
田瀬,35.629438,137.473364
田生越町,35.411068,136.765017
田町,35.356991,136.6184813
田畑,35.432864,136.565848
田神,35.410873,136.772432
田神町,35.410303,136.776718
田端町,35.416286,136.769163
番組町,35.3623365,136.610735
畷町,35.401447,136.767565
白山,35.638226,137.198191
白山町,35.36650325,136.9872394
白川町,35.485334,136.916737
白旗通,35.29843725,136.8167255
白木町,35.428144,136.765463
白樫,35.479948,136.534639
白菊町,35.43400767,136.737365
白鳥,35.448343,136.593556
白鳥町中津屋,35.853777,136.880866
白鳥町中西,35.895797,136.888596
白鳥町二日町,35.905274,136.834568
白鳥町六ノ里,35.900279,136.944564
白鳥町前谷,35.968512,136.824955
白鳥町向小駄良,35.875321,136.834644
白鳥町大島,35.86115,136.860441
白鳥町干田野,35.935717,136.808289
白鳥町恩地,35.884387,136.884584
白鳥町歩岐島,35.93373,136.836845
白鳥町為真,35.878107,136.868364
白鳥町白鳥,35.897286,136.864361
白鳥町石徹白,36.007596,136.781594
白鳥町越佐,35.858401,136.847033
白鳥町那留,35.872621,136.887291
白鳥町野添,35.894667,136.90366
白鳥町長滝,35.917111,136.822815
白鳥町阿多岐,35.922028,136.939302
皐ケ丘,35.38418067,137.1059757
益屋町,35.432971,136.771033
益見町,35.361967,137.259661
直江,35.314722,136.570244
直江町,35.348089,136.651667
相戸,35.612147,136.78258
相生,35.295284,136.8175795
相生町,35.663824,136.9808483
県町,35.39826333,136.7618283
真清田,35.308519,136.8020835
真砂町,35.4211345,136.7522085
矢倉町,35.399206,136.764118
矢島町,35.429634,136.7639275
矢戸,35.402057,137.030117
矢道町,35.37424333,136.56089
石井,35.426588,137.070359
石切町,35.39632,136.76729
石原,35.4786226,136.8019908
石原瀬,35.3781555,136.7656875
石山町,35.297976,136.80436
石森,35.43094,137.083094
石浦町,36.1147677,137.2610611
石畑,35.302169,136.548836
石神,35.4940895,136.8647695
石谷,35.483869,136.7327284
石長町,35.40881267,136.7843229
砂畑,35.452181,136.589007
祇園,35.455875,136.84062
祈年町,35.40539345,136.7713074
祐久,35.287277,136.728686
祖父江,35.349348,136.634572
神土,35.646412,137.328488
神坂,35.489982,137.596985
神室町,35.4180036,136.7561878
神山,35.303623,136.788184
神岡町下之本,36.399971,137.375494
神岡町中山,36.449319,137.25085
神岡町丸山,36.298013,137.313553
神岡町二ツ屋,36.357066,137.259125
神岡町伊西,36.375598,137.338941
神岡町伏方,36.316271,137.249188
神岡町佐古,36.414117,137.356864
神岡町割石,36.358543,137.280503
神岡町吉ケ原,36.362527,137.293307
神岡町吉田,36.300734,137.282773
神岡町和佐保,36.339898,137.328979
神岡町和佐府,36.410197,137.409845
神岡町土,36.416355,137.300955
神岡町坂富町,36.327107,137.302245
神岡町城ケ丘,36.329973,137.302948
神岡町堀之内,36.320691,137.260793
神岡町夕陽ケ丘,36.332095,137.307748
神岡町大多和,36.436241,137.376592
神岡町大笠,36.28106,137.227322
神岡町寺林,36.323841,137.272384
神岡町小萱,36.296645,137.30542
神岡町山田,36.291047,137.255286
神岡町岩井谷,36.377855,137.399638
神岡町巣山,36.276164,137.260255
神岡町打保,36.397658,137.467172
神岡町数河,36.302226,137.344899
神岡町朝浦,36.325272,137.295439
神岡町杉山,36.450337,137.300355
神岡町東漆山,36.388509,137.28532
神岡町東町,36.337599,137.304513
神岡町東茂住,36.436744,137.289814
神岡町東雲,36.313326,137.312101
神岡町柏原,36.269494,137.233809
神岡町桜ケ丘,36.327722,137.304283
神岡町梨ケ根,36.329881,137.279371
神岡町森茂,36.369007,137.37219
神岡町横山,36.455699,137.279969
神岡町殿,36.324116,137.308098
神岡町江馬町,36.330068,137.304568
神岡町瀬戸,36.411431,137.391584
神岡町牧,36.398402,137.30485
神岡町石神,36.307967,137.35094
神岡町緑ケ丘,36.322823,137.302885
神岡町船津,36.337545,137.289757
神岡町西,36.305823,137.235009
神岡町西漆山,36.402615,137.281063
神岡町西茂住,36.42511,137.265076
神岡町谷,36.454786,137.242935
神岡町跡津川,36.409658,137.326599
神岡町野首,36.297999,137.322411
神岡町釜崎,36.317994,137.298023
神岡町阿曽保,36.302279,137.328636
神岡町館野町,36.319001,137.30498
神岡町鹿間,36.359518,137.305303
神岡町麻生野,36.325187,137.348899
神崎,35.669321,136.710746
神戸町,35.311631,136.791229
神明,35.387207,136.5920997
神明町,35.728384,137.0238194
神楽町,35.364062,136.947581
神洞,35.574358,136.88818
神海,35.538361,136.653132
神渕,35.589429,137.082972
神田町,35.52070215,136.8129312
神置町,35.3801002,136.8248732
神野,35.532889,136.978741
禅台寺,35.423258,137.0469907
福住町,35.4119135,136.7506395
福光南町,35.448602,136.767293
福光東,35.453528,136.7728397
福光西,35.45390667,136.7687423
福地,35.523232,137.242226
福富,35.481973,136.809275
福富出口,35.481041,136.827346
福富天神前,35.485761,136.823299
福富永田,35.476655,136.821811
福富町田,35.480843,136.817564
福富笠海道,35.485568,136.826288
福富迎田,35.47744,136.82677
福寿町千代田,35.318474,136.684436
福寿町平方,35.31585407,136.6801346
福寿町本郷,35.326675,136.68724
福寿町浅平,35.32012783,136.6900772
福寿町間島,35.3334611,136.6956136
福岡,35.578346,137.427377
福島,35.4714645,136.838435
福束,35.29642,136.623502
福束新田,35.287346,136.624363
福田町,35.42474433,136.7118977
禾森,35.351898,136.626931
禾森町,35.350205,136.6225744
秋沢,35.50220367,136.7037633
秋津町,35.423836,136.762424
稲口,35.464082,136.915813
稲河町,35.471366,136.930077
稲津町小里,35.340841,137.280886
稲津町萩原,35.357195,137.29911
稲荷山,35.43018,136.770423
稲荷町,35.40980733,136.7408083
稲葉北,35.37690467,136.5528087
稲葉東,35.37471667,136.5545013
稲葉西,35.375314,136.5511975
稲里,35.386375,136.686712
穂並,35.354772,137.2472893
穂積,35.38213,136.697341
窯町,35.33105,137.130989
立洞,35.430357,136.776928
立花,35.578405,136.935635
竜泉寺,35.305876,136.531669
竜田町,35.41092778,136.7672203
竪切北,35.4945,136.908301
竪切南,35.491738,136.908857
端詰町,35.424614,136.760684
竹島町,35.358357,136.617775
竹橋町,35.301701,136.774597
竹鼻町,35.324505,136.702122
竹鼻町丸の内,35.326815,136.6965331
竹鼻町狐穴,35.319575,136.70946
竹鼻町神楽,35.330537,136.703939
竹鼻町蜂尻,35.308147,136.7127
竹鼻町西野町,35.321969,136.693954
竹鼻町錦町,35.321161,136.695356
竹鼻町飯柄,35.315842,136.716897
竹鼻町駒塚,35.303249,136.719612
笠原町,35.293425,137.160497
笠屋,35.4775835,136.938043
笠木町,35.377502,136.598146
笠神,35.523619,136.88437
笠縫町,35.375808,136.604886
笠置町姫栗,35.491962,137.350587
笠置町毛呂窪,35.49241,137.37555
笠置町河合,35.485141,137.325874
笹土居町,35.425687,136.764595
笹賀,35.591886,136.754896
笹野,35.350408,136.813995
築捨町,35.338069,136.6220242
篭屋,35.3077922,136.769695
米屋町,35.429719,136.766305
米廩谷洞,35.436075,136.779604
米野,35.378516,136.811242
米野町,35.33382075,136.6266375
粕ケ原,35.462988,136.566054
粕森町,35.420628,136.764652
粟野,35.482656,136.793322
粟野台,35.48953,136.776052
粟野東,35.4859884,136.783908
粟野西,35.48349638,136.7755263
精華町,35.339358,137.122796
細畑,35.40329083,136.7883427
細畑塚浦,35.402129,136.782801
細畑華南,35.403599,136.783835
細畑野寄,35.405861,136.784311
綾戸,35.371169,136.549494
綾野,35.3460395,136.5865193
綾野町,35.344922,136.577156
総和町,36.14640567,137.2543107
緑,35.35562975,136.9251469
緑ケ丘,35.4222705,137.0401309
緑ケ丘町,36.1406025,137.232504
緑園,35.36133,136.632298
緑町,35.44548875,136.834474
緑苑中,35.41188167,136.9466507
緑苑北,35.41655333,136.9483053
緑苑南,35.4088965,136.9421107
緑苑東,35.412719,136.9502515
緑苑西,35.41308625,136.9437345
織田塚町,35.4175985,136.780768
織田町,35.4433585,136.770489
美並町三戸,35.682029,136.979744
美並町上田,35.628454,136.926862
美並町大原,35.625877,136.967317
美並町山田,35.67741,136.950012
美並町梅原,35.705354,136.980879
美並町白山,35.658297,136.972137
美並町高砂,35.665538,136.910824
美佐野,35.41014,137.172473
美和町,35.417881,136.7697675
美園町,35.4322924,136.7947882
美坂町,35.331071,137.1437063
美山町,35.337038,137.079778
美島町,35.43624017,136.7505033
美殿町,35.418902,136.761462
美江寺,35.412043,136.661499
美江寺町,35.425427,136.7597185
美笠通,35.37154233,136.757184
美里ケ丘,35.405819,137.037569
羽崎,35.415258,137.081951
羽根町,35.413153,136.758815
羽生,35.478558,136.976619
羽生ケ丘,35.4184676,137.0871514
羽衣,35.3049435,136.8103935
羽衣町,35.3807758,136.6826117
老松町,35.414301,136.76658
肥田浅野元町,35.3614145,137.2011655
肥田浅野双葉町,35.3625935,137.194328
肥田浅野朝日町,35.36058467,137.1964963
肥田浅野梅ノ木町,35.359033,137.1987775
肥田浅野矢落町,35.3597685,137.193973
肥田浅野笠神町,35.362283,137.1986227
肥田瀬,35.476677,136.948315
肥田町浅野,35.352297,137.202032
肥田町肥田,35.345927,137.21853
脇之島町,35.31932425,137.115797
脛永,35.469889,136.577682
興福地町,35.3895055,136.6025918
舟子,35.464627,136.534597
舟橋町,35.312928,136.6896302
舟橋町出須賀,35.311379,136.6814293
舟橋町宮北,35.31634975,136.6903015
舟橋町本町,35.31200825,136.6849285
般若畑,35.449246,136.528229
船町,35.35561986,136.6103146
船見,35.266738,136.561952
船越,35.582275,136.785163
船附,35.287843,136.60097
色目,35.333312,136.558436
芋島,35.3925932,136.8095004
芝原中町,35.44510317,136.6949338
芝原東町,35.4448796,136.6973044
芝原西町,35.44523625,136.6928705
芥見,35.45111325,136.8490848
芥見中野畑,35.445212,136.842946
芥見南山,35.45507333,136.8564907
芥見堀田,35.444673,136.84034
芥見大般若,35.4386355,136.8467435
芥見大船,35.4598855,136.847011
芥見大退,35.4650955,136.8467025
芥見嵯峨,35.4396995,136.841224
芥見影山,35.435656,136.848074
芥見東山,35.462424,136.855736
芥見海戸山,35.453159,136.835605
芥見清水,35.448253,136.83882
芥見町屋,35.4607145,136.8385295
芥見野畑,35.441349,136.8453227
芥見長山,35.45494567,136.847808
花ノ木町,35.4479965,136.771958
花園町,35.3768649,136.6711075
花岡町,36.14625767,137.2516493
花川町,36.142002,137.255808
花戸町,35.494246,137.5071
花月町,35.4203925,136.780439
花池,35.290863,136.797341
花沢町,35.4156018,136.7785302
花里町,36.137844,137.2524935
苅安賀,35.291653,136.7832435
苗木,35.531772,137.472815
若宮,35.383377,136.6447127
若宮地,35.37873767,136.7975083
若宮町,35.4270923,136.7736611
若杉町,35.399791,136.767709
若松,35.511369,136.5654
若松町,35.3598258,137.0441088
若森町,35.3561665,136.60121
若福町,35.460848,136.768095
若竹,35.28619025,136.8244805
若竹町,35.4427175,136.7714215
若草通,35.49524575,136.9171212
若葉台,35.40325,137.0180159
若葉町,35.370555,136.766965
若達町,36.145664,137.263461
茂地,35.495137,136.840047
茄子川,35.465086,137.456551
茜町,35.373714,136.742373
茜部中島,35.39136633,136.749973
茜部大川,35.383041,136.746158
茜部大野,35.3955385,136.75227
茜部寺屋敷,35.37652533,136.7502233
茜部新所,35.38322525,136.75752
茜部本郷,35.39164767,136.7543677
茜部神清寺,35.377609,136.755428
茜部菱野,35.38461925,136.7510188
茜部辰新,35.379333,136.7602385
茜部野瀬,35.376728,136.745443
茨木町,35.416486,136.764942
茶屋新田,35.36301943,136.6964639
草深,35.444231,136.561289
草笛町,35.443192,137.0060883
草道島町,35.39926,136.590105
荒尾玉池,35.3764845,136.5751435
荒尾町,35.37383,136.577659
荒川町,35.380993,136.6696775
荘川町一色,35.966901,136.983421
荘川町三尾河,36.023798,137.015545
荘川町三谷,36.046803,136.997799
荘川町中畑,36.042773,136.960763
荘川町中野,36.085267,136.942933
荘川町六厩,36.087395,137.017288
荘川町寺河戸,35.981887,137.011151
荘川町尾上郷,36.055944,136.841603
荘川町岩瀬,36.067009,136.941281
荘川町惣則,36.015678,136.97824
荘川町新渕,36.032101,136.963235
荘川町海上,36.091757,136.934564
荘川町牛丸,36.05341,136.944195
荘川町牧戸,36.048057,136.949917
荘川町猿丸,36.022497,136.967864
荘川町町屋,36.004539,136.952703
荘川町赤谷,36.086262,136.970583
荘川町野々俣,36.013292,136.929576
荘川町黒谷,36.006739,137.023746
菅刈,35.401543,137.003667
菅原町,35.42241833,136.7547977
菅生,35.42328413,136.7303564
菅野,35.39199975,136.598269
菊井町,35.41402,136.730641
菊地町,35.4068926,136.7462882
菊水町,35.445373,136.7701505
華陽,35.408939,136.769661
萩原,35.451771,136.575112
萩原町上呂,35.906641,137.212457
萩原町上村,35.873143,137.240508
萩原町中呂,35.852582,137.236469
萩原町中島,35.267812,136.774685
萩原町串作,35.277449,136.757932
萩原町古関,35.869919,137.200451
萩原町四美,35.944225,137.211956
萩原町大ヶ洞,35.91342,137.234644
萩原町奥田洞,35.909271,137.22571
萩原町宮田,35.915895,137.250384
萩原町富田方,35.288313,136.766038
萩原町尾崎,35.944382,137.181047
萩原町山之口,36.000332,137.191341
萩原町戸苅,35.272781,136.75082
萩原町朝宮,35.29028,136.758952
萩原町東宮重,35.273536,136.77895
萩原町林野,35.281894,136.776019
萩原町桜洞,35.884028,137.239015
萩原町河田方,35.281123,136.770207
萩原町滝,35.272983,136.760042
萩原町築込,35.268252,136.754865
萩原町羽根,35.889049,137.197187
萩原町花井方,35.296549,136.766095
萩原町花池,35.864519,137.239171
萩原町萩原,35.5802125,136.984612
萩原町西上田,35.827203,137.222491
萩原町西宮重,35.275106,136.772542
萩原町西御堂,35.263713,136.769984
萩原町跡津,35.85065,137.210585
萩原町野上,35.908174,137.191141
萩原町高木,35.271735,136.767036
萩原町高松,35.27062,136.758524
萱場北町,35.43892833,136.730791
萱場南,35.43380067,136.731935
萱場東町,35.4378836,136.7340448
萱場町,35.4363075,136.731836
落合,35.497236,137.550542
葛原,35.602413,136.696362
葭町,35.41146743,136.7413307
蓮池,35.292044,136.740226
蔵前,35.39790886,136.8031486
蕨生,35.588775,136.890222
蕪城町,35.41646,136.758848
薬師寺,35.37555911,136.7747091
薬師町,35.36865817,137.1521375
薮田,35.382925,136.715
薮田中,35.395479,136.717412
薮田南,35.3917562,136.7208272
薮田東,35.396551,136.7231095
薮田西,35.396739,136.7090425
藍川,35.53218,136.89121
藍川町,35.420492,136.764174
藤代,35.430077,136.549065
藤倉,35.530242,136.737626
藤右衛門北洞,35.428862,136.772292
藤右衛門南洞,35.427596,136.774085
藤右衛門東洞,35.428254,136.775667
藤塚町,35.309743,136.815641
藤江町,35.36282271,136.6253624
藻池新田,35.280372,136.623085
蘇原三柿野町,35.40016125,136.8730748
蘇原中央町,35.40918875,136.880357
蘇原伊吹町,35.422248,136.861406
蘇原六軒町,35.40032425,136.8641748
蘇原北山町,35.431397,136.8713003
蘇原北陽町,35.4255206,136.8635368
蘇原古市場町,35.418945,136.866271
蘇原吉新町,35.40852333,136.8579233
蘇原吉野町,35.4163078,136.8559066
蘇原和合町,35.4164255,136.8755735
蘇原坂井町,35.41411733,136.880391
蘇原外山町,35.42196767,136.872214
蘇原大島町,35.418039,136.8489024
蘇原宮代町,35.42201967,136.846178
蘇原宮塚町,35.42357433,136.853624
蘇原寺島町,35.415282,136.862672
蘇原島崎町,35.41789875,136.8616365
蘇原希望町,35.40529075,136.8558498
蘇原持田町,35.4298286,136.8802744
蘇原新栄町,35.40960167,136.866758
蘇原新生町,35.41872833,136.8826283
蘇原早苗町,35.403437,136.863501
蘇原旭町,35.405295,136.8652445
蘇原昭栄町,35.4186174,136.874707
蘇原月丘町,35.4022955,136.8645205
蘇原村雨町,35.40525575,136.8581583
蘇原東島町,35.412806,136.874955
蘇原東栄町,35.409664,136.8740655
蘇原東門町,35.42222767,136.8796983
蘇原柿沢町,35.40585267,136.862939
蘇原栄町,35.40553275,136.8685263
蘇原沢上町,35.4052455,136.8605525
蘇原清住町,35.42613967,136.8774383
蘇原熊田町,35.41579033,136.8692377
蘇原瑞穂町,35.4139186,136.8482284
蘇原瑞雲町,35.40563875,136.8701538
蘇原申子町,35.41009633,136.855318
蘇原緑町,35.4014615,136.8642183
蘇原興亜町,35.405881,136.8740146
蘇原花園町,35.41055425,136.849392
蘇原菊園町,35.40544,136.867037
蘇原赤羽根町,35.4208062,136.856286
蘇原野口町,35.41330767,136.8681113
蘇原青雲町,35.4107706,136.8611764
蘇原飛鳥町,35.426062,136.87034
虎渓山町,35.35079729,137.1290374
虎渓町,35.3369015,137.1262725
虹ケ丘,35.41166367,137.0153175
虹ケ丘北,35.471182,136.865611
虹ケ丘南,35.4673,136.866588
蛇之尾,35.732612,137.313215
蛇持,35.330744,136.577243
蛭川,35.523642,137.38301
蜂屋台,35.4688675,137.0145335
蜂屋町,35.433265,136.766825
蜂屋町上蜂屋,35.475221,137.018704
蜂屋町下蜂屋,35.4759,136.992214
蜂屋町中蜂屋,35.474686,137.00429
蜂屋町伊瀬,35.465631,136.990026
蜂屋町矢田,35.459254,137.014904
表佐,35.35636,136.548686
西中島,35.427386,136.7222344
西中野,35.278584,136.710266
西之一色町,36.133649,137.247987
西之川町,35.3884165,136.6086835
西五城,35.29993,136.741661
西仙房,35.492056,136.904549
西出町,35.310603,136.784087
西問屋町,35.411792,136.753254
西園町,35.420746,136.762233
西坂町,35.3541738,137.1102524
西境松町,35.496963,136.909864
西外側町,35.360854,136.611647
西大外羽,35.317568,136.5976073
西大海道,35.317266,136.835821
西宮町,35.430672,137.1315205
西小倉,35.276027,136.555577
西小原町,35.321536,136.81532
西小田町,35.35905967,137.2332672
西居敷,35.481763,136.907037
西山町,35.35694275,137.0716843
西岩道,35.296243,136.58168
西島町,35.33977033,136.794039
西崎町,35.362581,136.6069623
西川手,35.3860064,136.7621315
西帷子,35.407281,136.997587
西後町,35.4446845,136.782334
西改田,35.448552,136.706482
西改田七石,35.451874,136.702489
西改田上の町,35.450323,136.700787
西改田先道,35.442628,136.703321
西改田夏梅,35.44825,136.70109
西改田宮西,35.446406,136.703121
西改田村前,35.446575,136.700348
西改田東改田入会地,35.446393,136.704546
西改田松の木,35.44437,136.701527
西日吉町,35.48917,136.914749
西旭ケ丘,35.482356,136.925456
西明見町,35.397673,136.763396
西木戸町,35.488315,136.912797
西本郷,35.495257,136.919577
西本郷通,35.492011,136.9183031
西材木町,35.43549,136.767952
西栃井,35.483493,137.06466
西横山,35.590407,136.449156
西欠ノ下,35.477955,136.91938
西河渡,35.4140136,136.6947402
西洞,35.431076,137.165824
西洞町,36.143903,137.269302
西津汲,35.549523,136.492158
西深瀬,35.511919,136.77766
西玉宮町,35.413502,136.757513
西田原,35.456396,136.942831
西町,35.50591364,136.9942506
西神野,35.532352,136.96076
西福野町,35.4874615,136.901197
西秋沢,35.498732,136.6957953
西結,35.362782,136.660773
西荘,35.4084446,136.7243382
西萩原,35.29044,136.748112
西貸上,35.494278,136.909868
西野町,35.42564344,136.7523951
西野町北町,35.424378,136.748777
西金池町,35.374407,136.765837
西長町,35.359353,136.610546
西門前町,35.483679,136.922494
西駒爪町,35.416255,136.76315
西鶉,35.38084017,136.7252727
見取町,35.368501,136.6135655
見延,35.462992,136.668509
観音前,35.481957,136.922267
観音寺,35.2890035,136.7871705
観音山,35.487291,136.924014
観音町,35.31426,136.81527
諏訪山,35.4391334,136.8555606
諏訪町北ノ洞,35.304892,137.085553
諏訪町天ケ峯,35.305108,137.091094
諏訪町川西,35.296427,137.094402
諏訪町日影,35.296925,137.089174
諏訪町柳,35.298032,137.084285
諏訪町神田,35.303947,137.097393
謡坂,35.431248,137.176593
谷合,35.585583,136.747042
谷汲名礼,35.523766,136.59173
谷汲大洞,35.506306,136.615467
谷汲岐礼,35.557926,136.598509
谷汲徳積,35.526877,136.620282
谷汲有鳥,35.524331,136.560927
谷汲木曽屋,35.541997,136.567523
谷汲深坂,35.505137,136.601895
谷汲神原,35.559541,136.555312
谷汲長瀬,35.521257,136.632766
谷汲高科,35.565987,136.615849
谷迫間,35.407571,137.04218
豊,35.328973,136.555993
豊岡町,35.4152415,136.9797265
豊川町,35.480191,136.920407
貝曽根町,35.375939,136.630095
貴船,35.3120205,136.8093075
貴船町,35.371602,136.84502
貸上町,35.495766,136.91006
赤ケ洞,35.435389,136.777551
赤保木町,36.160232,137.221315
赤坂大門,35.38237567,136.583818
赤坂新田,35.38359333,136.5892753
赤坂新町,35.391969,136.5898143
赤坂東町,35.390103,136.586847
赤坂町,35.3456001,137.0447131
赤尾,35.523756,136.773447
赤池洞,35.431763,136.796186
赤河,35.554193,137.257586
赤渕,35.479012,136.914313
赤花町,35.389453,136.623012
赤見,35.30641225,136.8219558
起,35.310066,136.738375
越原,35.652923,137.385277
越後町,36.108101,137.234535
足近町,35.34365571,136.7202657
足近町北宿,35.3527775,136.732395
足近町南之川,35.33025,136.710403
足近町南宿,35.342677,136.724959
足近町坂井,35.351556,136.715044
足近町小荒井,35.33560925,136.7207725
足近町市場,35.344185,136.730186
足近町直道,35.353108,136.718394
軽海,35.430063,136.658754
辻井戸町,35.48788,136.909403
近島,35.4309392,136.7388202
迫間,35.441407,136.927335
迫間台,35.451282,136.925619
道三町,35.445824,136.763848
達目洞,35.43118,136.793227
達目陰山,35.429872,136.79274
那加不動丘,35.4066345,136.847194
那加五反田町,35.401347,136.816487
那加住吉町,35.3979028,136.8520088
那加信長町,35.39980767,136.8550047
那加元町,35.398951,136.838103
那加兼橋町,35.404118,136.817803
那加前洞新町,35.4065736,136.839557
那加前野町,35.40894075,136.8350873
那加北栄町,35.399027,136.839306
那加北洞町,35.4242835,136.841969
那加南栄町,35.396594,136.838877
那加吾妻町,35.400232,136.838303
那加土山町,35.4146385,136.817893
那加大東町,35.396271,136.846086
那加大洞,35.427862,136.832271
那加大谷町,35.401825,136.822896
那加大門町,35.399029,136.8180485
那加太平町,35.401865,136.832471
那加官有地無番地,35.392002,136.867496
那加宮浦町,35.401047,136.829153
那加山下町,35.4136625,136.832826
那加山崎町,35.418327,136.840335
那加山後町,35.41062733,136.8220813
那加岩地町,35.408622,136.8169047
那加巾下町,35.409418,136.845839
那加幸町,35.403968,136.832441
那加御屋敷町,35.413909,136.836759
那加扇平,35.421401,136.834792
那加手力町,35.408764,136.824905
那加新加納外六ケ所大字入会地,35.397088,136.851671
那加新加納町,35.397306,136.82622
那加新田町,35.4039965,136.826873
那加新那加町,35.400068,136.833919
那加日之出町,35.398827,136.836933
那加日吉町,35.3986915,136.829224
那加日新町,35.39430025,136.8197323
那加昭南町,35.404199,136.853259
那加本町,35.399212,136.835904
那加東亜町,35.40239,136.837667
那加東新町,35.401564,136.8539845
那加東那加町,35.397265,136.837162
那加東野町,35.414106,136.840945
那加柄山町,35.419911,136.823626
那加栄町,35.397844,136.839046
那加桐野外二ケ所大字入会地,35.398185,136.859121
那加桐野町,35.42179489,136.8185299
那加桜町,35.40104733,136.847242
那加楠町,35.396417,136.843301
那加楽天地町,35.398719,136.835164
那加浜見町,35.4015685,136.8258685
那加琴が丘町,35.416447,136.820687
那加甥田町,35.404452,136.844022
那加石山町,35.407045,136.8274745
那加神田町,35.403741,136.820995
那加緑町,35.3917862,136.8202234
那加織田町,35.399688,136.8510275
那加芦原町,35.416891,136.816934
那加荒田町,35.400995,136.819985
那加萱場町,35.3916688,136.8243086
那加西市場町,35.41442614,136.8268507
那加西浦町,35.396232,136.8175857
那加西那加町,35.397196,136.834703
那加西野町,35.398849,136.83266
那加野畑町,35.4068555,136.831029
那加長塚町,35.406771,136.8225347
那加門前町,35.3991335,136.8427468
那加雄飛ケ丘町,35.403548,136.850505
那加雲雀町,35.402308,136.844459
郡府,35.461868,136.688088
郭町,35.36027125,136.616147
郭町東,35.3615815,136.6181765
都通,35.4179048,136.7465576
酒倉,35.4327,136.992292
酒倉深田,35.434707,137.0020893
里,35.301137,136.636511
重里,35.417532,136.663217
野一色,35.41590388,136.8038125
野上,35.486841,137.117898
野中,35.38379413,136.7998815
野口,35.3210546,136.6703678
野口町,35.334081,136.596598
野尻,35.761621,137.305759
野田新田,35.386007,136.679908
野白新田,35.378954,136.679498
野笹町,35.4438225,137.036251
金原,35.579594,136.650358
金園町,35.416985,136.7690672
金宝町,35.415114,136.756684
金屋,35.31901,136.565649
金屋横町,35.423246,136.76454
金屋町,35.44332967,136.814215
金属団地,35.393484,136.829143
金山町,35.332466,137.128993
金山町下原町,35.666205,137.160612
金山町中切,35.707872,137.16801
金山町中津原,35.672233,137.177962
金山町乙原,35.749319,137.142314
金山町卯野原,35.778045,137.150412
金山町大船渡,35.662537,137.169304
金山町岩瀬,35.735942,137.153952
金山町弓掛,35.817619,137.152559
金山町戸部,35.700228,137.09522
金山町東沓部,35.693721,137.14836
金山町渡,35.673629,137.154697
金山町田島,35.657395,137.183919
金山町祖師野,35.721149,137.125936
金山町福来,35.688435,137.190047
金山町菅田桐洞,35.647793,137.127918
金山町菅田笹洞,35.650622,137.099137
金山町金山,35.668673,137.135917
金岡町,35.35788717,137.0567507
金町,35.416683,136.7570905
金竜町,35.41554883,136.7672068
金華町,35.4462005,136.7705415
釜戸町,35.406697,137.308575
釜段,35.243057,136.596423
釜石洞,35.433505,136.793087
釜笛,35.3221326,136.6100768
鉄砲町,36.145212,137.261436
銀町,35.419956,136.756734
鋳物師屋,35.47477913,136.9354763
錦町,35.37831409,136.8706527
錦織,35.464914,137.152219
鍛冶町,35.484935,136.914417
鍵屋中町,35.41778,136.745804
鍵屋東町,35.41838033,136.747965
鍵屋西町,35.4173085,136.743656
鏡岩,35.438067,136.778016
鏡島,35.416278,136.726359
鏡島中,35.4153935,136.71959
鏡島南,35.40529225,136.7145098
鏡島精華,35.41161033,136.7231467
鏡島西,35.41005967,136.7133383
長井町,35.356652,136.633397
長住町,35.41880864,136.7700693
長坂,35.39297113,137.0054884
長坂町,36.146658,137.271435
長屋,35.475226,136.669007
長島町,35.321612,136.8084914
長島町中野,35.44845375,137.404243
長島町久須見,35.461638,137.364627
長島町正家,35.44429725,137.4151418
長島町永田,35.432338,137.400234
長島町鍋山,35.419874,137.411275
長旗町,35.41427,136.7612615
長松町,35.367962,136.565247
長森岩戸,35.424615,136.788241
長森本町,35.4183515,136.79842
長森細畑,35.400469,136.78284
長池,35.356463,136.751935
長沢町,35.3540148,136.6405525
長洞,35.386196,137.018992
長滝,35.566094,136.698627
長瀬,35.569592,136.905137
長瀬町,35.355832,137.121355
長者町,35.421404,136.745087
長良,35.45546786,136.755692
長良一楽,35.45329,136.783332
長良丘,35.4417945,136.772175
長良井田,35.449409,136.784142
長良仙田町,35.45206,136.7785045
長良南陽町,35.44307667,136.7773517
長良友瀬,35.457359,136.777584
長良古津,35.453285,136.816623
長良城西町,35.4477985,136.777868
長良大前町,35.442326,136.7782155
長良大路,35.444682,136.7756325
長良奥郷,35.459813,136.777557
長良子正賀,35.454664,136.777957
長良宮口町,35.443829,136.7797537
長良宮路町,35.44984067,136.7791643
長良小松町,35.450356,136.7794833
長良幸和町,35.45082167,136.779952
長良志段見,35.449172,136.804212
長良春田,35.452277,136.784203
長良有明町,35.44346067,136.7774553
長良有楽町,35.444432,136.776808
長良杉乃町,35.4452572,136.779512
長良東,35.44873,136.7874257
長良東町,35.4472125,136.7779105
長良東郷町,35.4444065,136.780293
長良校前町,35.4457822,136.7798022
長良校文町,35.446698,136.778576
長良桜井町,35.44362625,136.780193
長良森町,35.451497,136.778628
長良法久寺町,35.442665,136.775747
長良海用町,35.4482915,136.7778145
長良白妙町,35.444136,136.7783285
長良真生町,35.44866333,136.77907
長良福光,35.450603,136.775182
長良福江町,35.449301,136.7788957
長良福泉,35.456163,136.782848
長良竜東町,35.4531316,136.785335
長良若葉町,35.4449015,136.7783775
長良葵町,35.447023,136.7756355
長良西山前,35.455707,136.780366
長良西野前,35.453226,136.777833
長良金碧町,35.442514,136.776893
長良雄総,35.447566,136.796846
長良高嶺町,35.444543,136.776272
長谷寺町,35.484511,136.923444
長谷川,35.435376,136.68445
長谷川西,35.43310033,136.6828923
門入,35.680426,136.354488
門前町,35.367457,136.757866
門原,35.766736,137.205168
門和佐,35.708563,137.288203
門屋,35.497068,136.833716
門屋勢引,35.498531,136.83231
門屋溝上,35.499378,136.837389
門屋門,35.499301,136.834789
門間,35.353927,136.73874
開明,35.316697,136.765814
開田,35.675746,136.457171
開発町,35.3821198,136.639145
間之町,35.430986,136.765511
関ノ上,35.52332767,136.913276
関口町,35.480302,136.930449
阿木,35.401929,137.516414
陶元町,35.330767,137.136656
陶町大川,35.304308,137.290645
陶町水上,35.312982,137.307333
陶町猿爪,35.312643,137.328508
隆城町,35.420682,136.783809
随原,35.460143,136.660221
雄総柳町,35.4421204,136.79215
雄総桜町,35.4413075,136.7891008
雄総緑町,35.44303317,136.7963712
雄飛ケ丘,35.484455,136.901482
雛倉,35.5234245,136.704689
難波野町,35.317908,136.635349
雨踊町,35.413016,136.746239
雪見町,35.417197,136.7804515
雲井町,35.41415925,136.7769495
雲竜町,35.421712,136.776821
雲雀ケ丘,35.415225,136.732488
雲雀町,35.418654,136.7543835
霞町,35.416423,136.761712
青墓町,35.39269217,136.5597217
青木町,35.364306,136.8622345
青柳,35.438732,136.569528
青柳町,35.39295517,136.6871813
青波,35.57268,136.765804
青野町,35.38697,136.553138
静が丘町,35.434942,136.844422
静里町,35.356826,136.591279
靱屋町,35.430813,136.767063
音羽,35.30932767,136.7960057
音羽町,35.3360088,137.1170618
須原,35.583569,136.941251
須衛,35.438008,136.908339
須衛町,35.4309275,136.8934243
須衛稲田,35.43587,136.901213
須賀,35.38594225,136.719953
須野志町,35.365798,137.2429505
領下,35.40446825,136.7799566
領家町,35.38730833,136.617973
顔戸,35.442345,137.110831
願成寺,35.448155,136.546195
飯ノ木,35.292069,136.563837
飯地町,35.47727,137.282924
飯沼,35.42266,137.472622
飯田,35.325347,136.572599
飯積,35.319364,136.579044
養老,35.29039,136.53165
養老公園,35.279988,136.53456
養老町,35.4439275,136.770035
香取町,35.41396,136.7328427
香蘭,35.41087733,136.7444213
馬の瀬町,35.33107,136.636679
馬場,35.416531,136.680413
馬場上光町,35.41127067,136.6859603
馬場出,35.481978,136.90366
馬場前畑町,35.41372733,136.6803633
馬場北町,35.41597,136.677836
馬場小城町,35.4090495,136.690981
馬場春雨町,35.411741,136.689639
馬場町,35.88025967,137.0449327
馬瀬下山,35.788396,137.189525
馬瀬中切,35.897311,137.160239
馬瀬井谷,35.857612,137.181381
馬瀬名丸,35.875038,137.17432
馬瀬堀之内,35.889725,137.170671
馬瀬川上,35.967494,137.137466
馬瀬惣島,35.839812,137.186602
馬瀬数河,35.905315,137.147531
馬瀬西村,35.816927,137.195618
馬瀬黒石,35.928329,137.137786
馬籠,35.528394,137.56527
馬見塚,35.292805,136.820622
駄知町,35.324432,137.233812
駒場,35.494965,137.478459
駒場町,35.491468,137.496712
駿河山,35.426873,136.76638
高富,35.496399,136.793672
高尾町,35.4162875,136.7663615
高屋,35.419825,136.68548
高屋伊勢田,35.413265,136.690885
高屋分木,35.42103867,136.6905257
高屋勅使,35.424075,136.6897985
高屋太子,35.41657933,136.6852717
高屋条里,35.416456,136.688195
高屋清流,35.420841,136.6839697
高屋町,35.36567425,136.6185433
高屋白木,35.417147,136.6912077
高屋石末,35.422777,136.6953363
高山,35.534692,137.431558
高岩町,35.421816,136.761618
高月町,35.3646625,137.245335
高木,35.503628,136.775262
高林,35.282237,136.547825
高根町,35.36141,137.0931148
高根町上ケ洞,36.035607,137.493494
高根町下之向,36.024043,137.456794
高根町中之宿,36.030602,137.443914
高根町中洞,36.074628,137.453641
高根町大古井,36.033333,137.46995
高根町小日和田,35.986341,137.540062
高根町日和田,35.974234,137.487624
高根町日影,36.003792,137.475436
高根町池ケ洞,36.070653,137.48826
高根町猪之鼻,36.020625,137.430983
高根町留之原,35.97468,137.523674
高根町野麦,36.060282,137.578927
高根町阿多野郷,36.061716,137.535247
高根町黍生,36.057975,137.508951
高森町,35.412486,136.7658467
高橋町,35.362603,136.6228452
高河原,35.379151,136.704861
高渕,35.306519,136.598852
高渕町,35.307854,136.597071
高田,35.3789775,136.7805661
高田町,35.35906164,137.1351365
高田町信濃柿,35.355364,137.149331
高田町岩ケ峠,35.357386,137.143999
高田町岩曽根,35.369176,137.146538
高田町東山,35.364416,137.143587
高田町白粉,35.365966,137.145201
高田町長湫,35.35917,137.150772
高田馬場町,35.313005,136.555244
高畑,35.474979,136.959752
高畑町,35.319606,136.8118287
高砂町,35.39616529,136.7208794
高野町,35.41718486,136.7561723
高鷲町ひるがの,36.008367,136.902068
高鷲町大鷲,35.965896,136.878375
高鷲町西洞,35.990241,136.883663
高鷲町鮎立,35.947413,136.854537
高鷲町鷲見,35.968805,136.930759
魚屋町,35.3962985,136.6938225
鳩吹台,35.40279575,136.9981658
鳩部屋町,35.363062,136.610053
鴬谷,35.424616,136.767958
鴬谷町,35.424602,136.766146
鵜川町,35.44239,136.770293
鵜沼,35.422189,136.943092
鵜沼三ツ池町,35.40005133,136.889825
鵜沼丸子町,35.38935867,136.9179093
鵜沼南町,35.39550743,136.9414411
鵜沼古市場町,35.394058,136.9338603
鵜沼台,35.40593125,136.9461193
鵜沼各務原町,35.39946078,136.9052153
鵜沼大伊木町,35.38532033,136.9084107
鵜沼大安寺町,35.416688,136.936201
鵜沼宝積寺町,35.4049785,136.959551
鵜沼小伊木町,35.389857,136.9291188
鵜沼山崎町,35.39851167,136.9470648
鵜沼川崎町,35.40282333,136.8795473
鵜沼朝日町,35.3905066,136.901586
鵜沼東町,35.40247263,136.9428211
鵜沼真名越町,35.396876,136.9255147
鵜沼羽場町,35.40158975,136.9209771
鵜沼西町,35.40325725,136.9344903
鶉,35.37256,136.735018
鶴田町,35.41367275,136.7684825
鶴舞町,35.4148535,136.770243
鶴見,35.640071,136.461371
鶴見町,35.390955,136.7079075
鶴里町柿野,35.27614,137.215108
鶴里町細野,35.282156,137.245097
鷲巣,35.286163,136.560108
鷹匠町,35.359691,136.61139
鷹巣裡水谷口,35.428848,136.788424
鷹見町,35.423686,136.759424
鷺山,35.446447,136.75439
鷺山北町,35.450806,136.75405
鷺山新町,35.452998,136.751521
鷺山東,35.449271,136.7619085
鹿塩,35.499247,137.047942
鹿島町,35.393698,136.6972183
黒屋,35.501308,136.928936
黒岩,35.441364,136.977306
黒岩町,35.445946,136.782068
黒川,35.592262,137.322904
黒田,35.472749,136.549673
黒野,35.457027,136.718082
黒野南,35.455997,136.724147
鼻高洞,35.437318,136.788981
